   1080392,   0.20638144,   0.04539168,   1.02368712
   1080395,   0.21272492,   0.03910470,   1.02995372
   1080397,   0.21272492,   0.03910470,   1.02368712
   1080399,   0.21272492,   0.03910470,   1.02368712
   1080402,   0.21272492,   0.03910470,   1.02368712
   1080404,   0.21272492,   0.04539168,   1.03622007
   1080407,   0.21906829,   0.04539168,   1.02995372
   1080410,   0.21272492,   0.03910470,   1.03622007
   1080412,   0.20638144,   0.03910470,   1.03622007
   1080414,   0.20003808,   0.03281784,   1.04248667
   1080417,   0.20003808,   0.03281784,   1.03622007
   1080419,   0.20638144,   0.03281784,   1.03622007
   1080421,   0.21272492,   0.04539168,   1.04248667
   1080424,   0.21272492,   0.04539168,   1.03622007
   1080426,   0.21272492,   0.04539168,   1.03622007
   1080428,   0.21906829,   0.05167866,   1.04248667
   1080431,   0.21272492,   0.05167866,   1.03622007
   1080433,   0.21272492,   0.05167866,   1.04248667
   1080435,   0.21272492,   0.05167866,   1.03622007
   1080437,   0.21272492,   0.05167866,   1.04875302
   1080440,   0.21272492,   0.05167866,   1.04248667
   1080442,   0.21272492,   0.05167866,   1.03622007
   1080444,   0.21272492,   0.04539168,   1.03622007
   1080448,   0.20638144,   0.04539168,   1.02995372
   1080450,   0.20638144,   0.04539168,   1.03622007
   1080452,   0.20638144,   0.04539168,   1.03622007
   1080455,   0.20638144,   0.04539168,   1.04248667
   1080457,   0.21272492,   0.05167866,   1.04248667
   1080459,   0.21272492,   0.04539168,   1.03622007
   1080462,   0.21272492,   0.04539168,   1.02995372
   1080464,   0.21272492,   0.04539168,   1.02995372
   1080466,   0.21272492,   0.04539168,   1.03622007
   1080469,   0.21272492,   0.04539168,   1.02995372
   1080471,   0.21272492,   0.03910470,   1.02995372
   1080473,   0.21906829,   0.04539168,   1.03622007
   1080475,   0.21906829,   0.03910470,   1.02995372
   1080478,   0.21272492,   0.03281784,   1.02995372
   1080480,   0.20638144,   0.03281784,   1.02368712
   1080482,   0.21272492,   0.03281784,   1.02368712
   1080485,   0.20638144,   0.03281784,   1.02368712
   1080487,   0.20638144,   0.03281784,   1.02368712
   1080489,   0.20638144,   0.02653086,   1.02368712
   1080493,   0.20638144,   0.02653086,   1.02995372
   1080495,   0.21272492,   0.02024400,   1.02368712
   1080497,   0.20638144,   0.02024400,   1.02368712
   1080500,   0.21272492,   0.01395702,   1.02368712
   1080502,   0.21272492,   0.02024400,   1.01742077
   1080504,   0.21272492,   0.02024400,   1.02368712
   1080507,   0.21906829,   0.01395702,   1.02368712
   1080509,   0.21272492,   0.02024400,   1.01742077
   1080511,   0.21272492,   0.02024400,   1.01115441
   1080513,   0.20638144,   0.02024400,   1.01115441
   1080516,   0.20638144,   0.02024400,   1.00488782
   1080518,   0.20638144,   0.02653086,   1.00488782
   1080520,   0.20638144,   0.02653086,   1.01115441
   1080523,   0.21272492,   0.02653086,   1.01742077
   1080525,   0.21272492,   0.02653086,   1.00488782
   1080527,   0.21272492,   0.02653086,   1.00488782
   1080530,   0.21272492,   0.03281784,   0.99862146
   1080532,   0.20638144,   0.02653086,   0.99862146
   1080535,   0.21272492,   0.03281784,   1.00488782
   1080538,   0.21272492,   0.03281784,   1.00488782
   1080540,   0.21906829,   0.03910470,   1.00488782
   1080542,   0.21906829,   0.03910470,   0.99862146
   1080545,   0.21906829,   0.03281784,   0.99862146
   1080547,   0.21272492,   0.03281784,   0.99862146
   1080549,   0.21272492,   0.03281784,   0.99862146
   1080552,   0.21272492,   0.03281784,   0.99862146
   1080554,   0.21272492,   0.02653086,   0.99862146
   1080556,   0.21906829,   0.03281784,   0.99862146
   1080558,   0.21272492,   0.02653086,   0.99862146
   1080561,   0.21272492,   0.02024400,   0.99862146
   1080563,   0.21272492,   0.02024400,   0.99862146
   1080565,   0.20638144,   0.02024400,   0.99862146
   1080568,   0.21272492,   0.02653086,   0.99862146
   1080570,   0.20638144,   0.02024400,   0.99862146
   1080572,   0.21906829,   0.03281784,   1.00488782
   1080576,   0.20638144,   0.02024400,   1.01115441
   1080578,   0.21272492,   0.02024400,   1.00488782
   1080580,   0.21272492,   0.02024400,   1.00488782
   1080583,   0.21272492,   0.02024400,   1.00488782
   1080585,   0.20638144,   0.02024400,   1.01115441
   1080587,   0.20638144,   0.01395702,   1.01742077
   1080590,   0.21906829,   0.02653086,   1.01115441
   1080592,   0.20638144,   0.02024400,   1.00488782
   1080594,   0.20638144,   0.02024400,   1.00488782
   1080597,   0.20638144,   0.01395702,   1.00488782
   1080599,   0.20638144,   0.00767004,   1.00488782
   1080601,   0.21272492,   0.00767004,   1.00488782
   1080603,   0.20638144,   0.00767004,   1.00488782
   1080606,   0.21272492,   0.02024400,   1.02368712
   1080608,   0.20638144,   0.01395702,   1.01742077
   1080610,   0.20638144,   0.00767004,   1.01115441
   1080613,   0.20638144,   0.01395702,   1.01115441
   1080615,   0.20638144,   0.00767004,   0.99862146
   1080617,   0.20638144,   0.01395702,   1.00488782
   1080621,   0.20638144,   0.00767004,   0.99862146
   1080623,   0.20638144,   0.02024400,   1.01742077
   1080625,   0.20638144,   0.00767004,   1.00488782
   1080628,   0.20638144,   0.00767004,   1.00488782
   1080630,   0.20638144,   0.00767004,   1.00488782
   1080632,   0.20003808,   0.00138319,   1.00488782
   1080635,   0.20003808,   0.00138319,   0.99235499
   1080637,   0.20003808,   0.00767004,   0.99235499
   1080639,   0.19369471,   0.00767004,   1.01115441
   1080641,   0.20003808,   0.00767004,   0.99862146
   1080644,   0.20003808,   0.00138319,   0.99862146
   1080646,   0.20003808,  -0.00490379,   0.98608851
   1080648,   0.19369471,   0.00138319,   0.98608851
   1080651,   0.19369471,  -0.00490379,   0.98608851
   1080653,   0.19369471,  -0.00490379,   0.97982204
   1080655,   0.18735135,  -0.00490379,   0.99235499
   1080658,   0.20003808,   0.00138319,   0.97982204
   1080660,   0.19369471,   0.00138319,   0.97982204
   1080663,   0.19369471,   0.00138319,   0.97982204
   1080666,   0.19369471,  -0.00490379,   0.97982204
   1080668,   0.18735135,  -0.00490379,   0.97982204
   1080670,   0.19369471,  -0.00490379,   0.97982204
   1080673,   0.18100798,  -0.01747769,   0.97982204
   1080675,   0.20003808,   0.00138319,   0.97982204
   1080677,   0.19369471,   0.00138319,   0.97982204
   1080680,   0.19369471,   0.00138319,   0.97982204
   1080682,   0.18735135,   0.00138319,   0.97355568
   1080684,   0.19369471,   0.00138319,   0.97982204
   1080686,   0.20003808,   0.00767004,   0.97982204
   1080689,   0.18100798,  -0.00490379,   0.97355568
   1080691,   0.20003808,   0.00767004,   0.97982204
   1080693,   0.20003808,   0.00767004,   0.97982204
   1080696,   0.20003808,   0.00767004,   0.97982204
   1080698,   0.18735135,   0.00767004,   0.97355568
   1080700,   0.19369471,   0.00767004,   0.97982204
   1080704,   0.19369471,   0.00767004,   0.98608851
   1080706,   0.17466462,  -0.01119071,   0.97355568
   1080708,   0.20003808,   0.00767004,   0.98608851
   1080711,   0.20638144,   0.00767004,   0.98608851
   1080713,   0.20003808,   0.00138319,   0.99235499
   1080715,   0.20003808,   0.00138319,   0.98608851
   1080718,   0.20003808,  -0.00490379,   0.99235499
   1080720,   0.20003808,   0.00138319,   0.99235499
   1080722,   0.18100798,  -0.01747769,   0.97982204
   1080724,   0.20638144,   0.00138319,   0.99862146
   1080727,   0.20003808,  -0.00490379,   0.99235499
   1080729,   0.20003808,   0.00138319,   0.99235499
   1080731,   0.19369471,  -0.00490379,   0.98608851
   1080734,   0.19369471,   0.00138319,   0.99235499
   1080736,   0.19369471,   0.00138319,   0.99235499
   1080738,   0.18100798,  -0.01747769,   0.97355568
   1080741,   0.20003808,   0.00138319,   0.99235499
   1080743,   0.20003808,   0.00138319,   0.99235499
   1080745,   0.19369471,   0.00138319,   0.99235499
   1080749,   0.19369471,   0.00138319,   0.99235499
   1080751,   0.19369471,  -0.00490379,   0.99235499
   1080753,   0.19369471,   0.00138319,   0.99235499
   1080756,   0.18100798,  -0.01119071,   0.97355568
   1080758,   0.20003808,   0.00138319,   0.99235499
   1080760,   0.20003808,   0.00767004,   0.99235499
   1080763,   0.19369471,   0.00767004,   0.98608851
   1080765,   0.19369471,   0.00138319,   0.97982204
   1080767,   0.19369471,   0.00138319,   0.97982204
   1080769,   0.20003808,   0.00138319,   0.98608851
   1080772,   0.18735135,  -0.01747769,   0.96102273
   1080774,   0.20003808,   0.00138319,   0.98608851
   1080776,   0.20003808,   0.00767004,   0.97982204
   1080779,   0.20638144,   0.00767004,   0.97982204
   1080781,   0.19369471,   0.00138319,   0.97355568
   1080783,   0.20003808,   0.00138319,   0.97982204
   1080786,   0.20003808,   0.00138319,   0.97982204
   1080788,   0.19369471,  -0.00490379,   0.96102273
   1080791,   0.20638144,   0.00767004,   0.97982204
   1080794,   0.20003808,   0.01395702,   0.98608851
   1080796,   0.20003808,   0.00767004,   0.98608851
   1080798,   0.20003808,   0.00767004,   0.97982204
   1080801,   0.20003808,   0.00138319,   0.98608851
   1080803,   0.20003808,   0.00138319,   0.99235499
   1080805,   0.20638144,  -0.00490379,   0.97982204
   1080807,   0.20638144,   0.00138319,   0.99235499
   1080810,   0.20638144,   0.00138319,   0.99235499
   1080812,   0.21272492,   0.00138319,   0.99235499
   1080814,   0.20638144,   0.00138319,   0.99235499
   1080817,   0.21272492,   0.00138319,   0.99235499
   1080819,   0.21906829,   0.00138319,   0.99862146
   1080821,   0.22541165,   0.00138319,   0.99235499
   1080824,   0.22541165,   0.00138319,   0.99862146
   1080826,   0.21906829,   0.00138319,   0.99862146
   1080828,   0.21906829,   0.00138319,   0.99862146
   1080832,   0.21906829,  -0.00490379,   0.99235499
   1080834,   0.21906829,  -0.00490379,   0.99862146
   1080836,   0.21906829,  -0.01119071,   0.99862146
   1080839,   0.22541165,   0.00138319,   0.99862146
   1080841,   0.21906829,  -0.00490379,   0.99862146
   1080843,   0.21906829,  -0.00490379,   0.99862146
   1080845,   0.21906829,  -0.00490379,   0.99235499
   1080848,   0.21906829,  -0.01119071,   0.99235499
   1080850,   0.21272492,  -0.01119071,   0.99862146
   1080852,   0.21272492,  -0.01119071,   0.99862146
   1080855,   0.21906829,  -0.00490379,   0.99862146
   1080857,   0.21272492,  -0.00490379,   0.99862146
   1080859,   0.21272492,  -0.01119071,   0.99862146
   1080862,   0.20638144,  -0.01119071,   0.99235499
   1080864,   0.21272492,  -0.01119071,   0.99235499
   1080866,   0.21272492,  -0.01119071,   0.98608851
   1080869,   0.21272492,  -0.01747769,   0.99235499
   1080871,   0.21906829,  -0.00490379,   0.99862146
   1080873,   0.21906829,  -0.00490379,   0.99862146
   1080877,   0.21272492,  -0.00490379,   0.99862146
   1080879,   0.21272492,  -0.00490379,   0.99235499
   1080881,   0.21272492,   0.00138319,   0.99235499
   1080884,   0.21272492,   0.00138319,   0.99235499
   1080886,   0.20638144,   0.00138319,   0.99235499
   1080888,   0.21272492,   0.00767004,   0.99862146
   1080890,   0.21906829,   0.00767004,   0.99862146
   1080893,   0.21272492,   0.00767004,   0.99235499
   1080895,   0.21272492,   0.00767004,   0.99235499
   1080897,   0.21272492,   0.01395702,   0.99235499
   1080900,   0.21272492,   0.01395702,   0.99862146
   1080902,   0.21272492,   0.01395702,   0.99235499
   1080904,   0.21272492,   0.02024400,   1.00488782
   1080907,   0.21272492,   0.02024400,   1.00488782
   1080909,   0.20638144,   0.02024400,   0.99862146
   1080911,   0.20638144,   0.02024400,   0.99862146
   1080914,   0.20638144,   0.00767004,   1.00488782
   1080916,   0.20638144,   0.01395702,   1.00488782
   1080919,   0.20638144,   0.01395702,   1.00488782
   1080922,   0.21272492,   0.02024400,   1.01742077
   1080924,   0.20638144,   0.01395702,   1.01115441
   1080926,   0.20003808,   0.01395702,   1.01115441
   1080928,   0.20003808,   0.01395702,   1.01742077
   1080931,   0.20003808,   0.00767004,   1.01742077
   1080933,   0.20003808,   0.01395702,   1.01742077
   1080935,   0.20003808,   0.00767004,   1.01742077
   1080938,   0.20003808,   0.01395702,   1.02995372
   1080940,   0.20638144,   0.01395702,   1.02995372
   1080942,   0.20003808,   0.00767004,   1.02995372
   1080945,   0.20003808,   0.00767004,   1.02995372
   1080947,   0.19369471,   0.00767004,   1.02995372
   1080949,   0.18735135,   0.00138319,   1.02995372
   1080952,   0.18735135,   0.00138319,   1.02995372
   1080954,   0.18735135,   0.00767004,   1.03622007
   1080956,   0.18735135,   0.00767004,   1.03622007
   1080960,   0.19369471,   0.00767004,   1.02995372
   1080962,   0.18735135,   0.00767004,   1.02995372
   1080964,   0.18735135,   0.00138319,   1.01742077
   1080967,   0.18735135,   0.00138319,   1.01742077
   1080969,   0.18735135,   0.00138319,   1.01115441
   1080971,   0.18735135,   0.00138319,   1.01115441
   1080973,   0.18735135,   0.00138319,   1.01115441
   1080976,   0.18735135,   0.00138319,   1.00488782
   1080978,   0.18735135,  -0.00490379,   1.01115441
   1080980,   0.17466462,  -0.01119071,   1.00488782
   1080983,   0.18100798,  -0.01119071,   0.99862146
   1080985,   0.18100798,  -0.01119071,   0.99862146
   1080987,   0.18100798,  -0.00490379,   0.99235499
   1080990,   0.18100798,  -0.00490379,   0.99862146
   1080992,   0.17466462,  -0.01119071,   0.98608851
   1080994,   0.17466462,  -0.01119071,   0.98608851
   1080997,   0.17466462,  -0.01119071,   0.97982204
   1080999,   0.17466462,  -0.00490379,   0.97355568
   1081001,   0.17466462,  -0.00490379,   0.97355568
   1081005,   0.18100798,  -0.00490379,   0.96728921
   1081007,   0.17466462,   0.00138319,   0.96728921
   1081009,   0.17466462,   0.00138319,   0.96102273
   1081011,   0.18100798,   0.00138319,   0.96102273
   1081014,   0.18100798,   0.00138319,   0.95475626
   1081016,   0.18735135,   0.00138319,   0.95475626
   1081018,   0.18735135,   0.00138319,   0.95475626
   1081021,   0.18735135,   0.00767004,   0.96102273
   1081023,   0.18735135,   0.00767004,   0.95475626
   1081025,   0.18735135,   0.01395702,   0.95475626
   1081028,   0.18735135,   0.02024400,   0.96102273
   1081030,   0.18735135,   0.01395702,   0.95475626
   1081032,   0.18735135,   0.01395702,   0.96102273
   1081035,   0.18735135,   0.02024400,   0.96728921
   1081037,   0.18735135,   0.01395702,   0.96728921
   1081039,   0.19369471,   0.02024400,   0.97355568
   1081042,   0.19369471,   0.01395702,   0.96728921
   1081044,   0.19369471,   0.01395702,   0.97355568
   1081047,   0.19369471,   0.01395702,   0.96728921
   1081049,   0.19369471,   0.02024400,   0.97355568
   1081052,   0.20003808,   0.02024400,   0.97355568
   1081054,   0.20003808,   0.02024400,   0.97355568
   1081056,   0.21272492,   0.02653086,   0.97982204
   1081059,   0.20638144,   0.02653086,   0.98608851
   1081061,   0.20638144,   0.02653086,   0.97982204
   1081063,   0.21272492,   0.02653086,   0.97982204
   1081066,   0.20638144,   0.02653086,   0.98608851
   1081068,   0.20638144,   0.02653086,   0.98608851
   1081070,   0.20003808,   0.02653086,   0.98608851
   1081073,   0.21906829,   0.03281784,   0.99235499
   1081075,   0.20638144,   0.02653086,   0.99235499
   1081077,   0.20638144,   0.02653086,   0.99862146
   1081080,   0.20638144,   0.02653086,   0.99862146
   1081082,   0.20003808,   0.02024400,   0.99862146
   1081084,   0.20003808,   0.02024400,   0.99862146
   1081088,   0.20003808,   0.02024400,   1.00488782
   1081090,   0.21272492,   0.03281784,   1.01115441
   1081092,   0.20003808,   0.02024400,   1.01742077
   1081094,   0.20003808,   0.02024400,   1.01742077
   1081097,   0.19369471,   0.02024400,   1.02995372
   1081099,   0.18735135,   0.02024400,   1.02368712
   1081101,   0.18735135,   0.02024400,   1.02368712
   1081104,   0.19369471,   0.02024400,   1.02368712
   1081106,   0.18735135,   0.03281784,   1.03622007
   1081108,   0.18735135,   0.02024400,   1.02368712
   1081111,   0.18735135,   0.01395702,   1.02368712
   1081113,   0.18735135,   0.01395702,   1.02368712
   1081115,   0.18735135,   0.01395702,   1.01742077
   1081118,   0.18735135,   0.01395702,   1.01115441
   1081120,   0.18100798,   0.01395702,   1.01115441
   1081122,   0.18100798,   0.02653086,   1.02368712
   1081125,   0.18735135,   0.02024400,   1.00488782
   1081127,   0.18735135,   0.01395702,   1.00488782
   1081129,   0.18100798,   0.02024400,   0.99862146
   1081132,   0.18100798,   0.01395702,   0.99235499
   1081135,   0.18735135,   0.01395702,   0.97355568
   1081137,   0.18735135,   0.02024400,   0.97355568
   1081139,   0.17466462,   0.02024400,   0.97982204
   1081142,   0.18735135,   0.01395702,   0.96102273
   1081144,   0.18735135,   0.02024400,   0.95475626
   1081146,   0.19369471,   0.02024400,   0.95475626
   1081149,   0.18735135,   0.01395702,   0.94222343
   1081151,   0.18735135,   0.01395702,   0.93595695
   1081153,   0.18735135,   0.01395702,   0.93595695
   1081156,   0.18100798,   0.00767004,   0.93595695
   1081158,   0.18735135,   0.01395702,   0.92969048
   1081160,   0.18735135,   0.00767004,   0.92342401
   1081163,   0.18735135,   0.00767004,   0.92342401
   1081165,   0.18100798,   0.00138319,   0.91715765
   1081167,   0.18735135,   0.00138319,   0.92342401
   1081169,   0.18735135,   0.00138319,   0.91715765
   1081172,   0.16832125,  -0.00490379,   0.90462470
   1081175,   0.18735135,   0.00767004,   0.91089118
   1081177,   0.19369471,   0.00767004,   0.91715765
   1081180,   0.20003808,   0.00767004,   0.91089118
   1081182,   0.19369471,   0.00138319,   0.90462470
   1081184,   0.20003808,   0.00138319,   0.90462470
   1081187,   0.20003808,   0.00138319,   0.91089118
   1081189,   0.17466462,  -0.01747769,   0.89835823
   1081191,   0.20003808,   0.00138319,   0.91715765
   1081194,   0.20003808,   0.00138319,   0.92342401
   1081196,   0.20003808,   0.00767004,   0.92342401
   1081198,   0.20003808,   0.00767004,   0.92342401
   1081201,   0.20638144,   0.00138319,   0.92342401
   1081203,   0.20638144,   0.00138319,   0.93595695
   1081205,   0.18735135,  -0.01747769,   0.91715765
   1081207,   0.21272492,   0.00138319,   0.94222343
   1081210,   0.21272492,   0.00138319,   0.94222343
   1081212,   0.20638144,   0.00138319,   0.94222343
   1081214,   0.21272492,   0.00138319,   0.94222343
   1081218,   0.20638144,   0.00138319,   0.94222343
   1081220,   0.20638144,   0.00138319,   0.94222343
   1081222,   0.19369471,  -0.01747769,   0.93595695
   1081225,   0.21272492,   0.00767004,   0.96102273
   1081227,   0.21906829,   0.00767004,   0.95475626
   1081229,   0.21272492,   0.01395702,   0.96728921
   1081232,   0.20638144,   0.00767004,   0.96728921
   1081234,   0.20638144,   0.01395702,   0.96728921
   1081236,   0.21272492,   0.01395702,   0.96728921
   1081239,   0.20003808,   0.00138319,   0.94848990
   1081241,   0.21272492,   0.01395702,   0.97982204
   1081243,   0.21272492,   0.01395702,   0.97355568
   1081246,   0.21272492,   0.01395702,   0.97982204
   1081248,   0.20638144,   0.01395702,   0.98608851
   1081250,   0.20638144,   0.02024400,   0.98608851
   1081252,   0.21272492,   0.02024400,   0.98608851
   1081255,   0.20638144,   0.00138319,   0.96728921
   1081257,   0.21272492,   0.02024400,   0.99235499
   1081260,   0.21272492,   0.02024400,   0.99235499
   1081263,   0.21272492,   0.01395702,   0.99235499
   1081265,   0.21272492,   0.01395702,   0.98608851
   1081267,   0.21272492,   0.02024400,   0.99235499
   1081270,   0.21906829,   0.02024400,   0.99235499
   1081272,   0.21906829,   0.01395702,   0.97355568
   1081274,   0.22541165,   0.02653086,   0.99235499
   1081277,   0.22541165,   0.02653086,   0.99235499
   1081279,   0.22541165,   0.03281784,   0.99862146
   1081281,   0.22541165,   0.03281784,   0.99235499
   1081284,   0.22541165,   0.03910470,   0.99235499
   1081286,   0.22541165,   0.03910470,   1.00488782
   1081288,   0.23175502,   0.03910470,   0.98608851
   1081291,   0.23175502,   0.05167866,   1.00488782
   1081293,   0.22541165,   0.05167866,   1.00488782
   1081295,   0.22541165,   0.04539168,   1.00488782
   1081297,   0.22541165,   0.04539168,   0.99862146
   1081300,   0.23175502,   0.05167866,   0.99862146
   1081303,   0.22541165,   0.05167866,   1.01115441
   1081305,   0.23809838,   0.05167866,   1.00488782
   1081308,   0.23809838,   0.05167866,   1.01742077
   1081310,   0.23175502,   0.05796552,   1.01742077
   1081312,   0.23809838,   0.05167866,   1.02368712
   1081315,   0.23809838,   0.05167866,   1.02368712
   1081317,   0.23809838,   0.05167866,   1.02995372
   1081319,   0.23809838,   0.05167866,   1.02995372
   1081322,   0.25078511,   0.05167866,   1.02995372
   1081324,   0.24444175,   0.04539168,   1.03622007
   1081326,   0.24444175,   0.05167866,   1.03622007
   1081329,   0.24444175,   0.05167866,   1.03622007
   1081331,   0.24444175,   0.04539168,   1.04248667
   1081333,   0.24444175,   0.04539168,   1.03622007
   1081335,   0.25078511,   0.04539168,   1.04875302
   1081338,   0.25078511,   0.05167866,   1.05501938
   1081340,   0.24444175,   0.04539168,   1.05501938
   1081342,   0.24444175,   0.04539168,   1.04875302
   1081346,   0.24444175,   0.03910470,   1.04875302
   1081348,   0.23809838,   0.03910470,   1.04248667
   1081350,   0.23809838,   0.03910470,   1.04248667
   1081353,   0.23809838,   0.03910470,   1.04875302
   1081355,   0.24444175,   0.03910470,   1.05501938
   1081357,   0.23809838,   0.03281784,   1.04875302
   1081360,   0.23175502,   0.02653086,   1.05501938
   1081362,   0.23175502,   0.02653086,   1.04875302
   1081364,   0.23175502,   0.02024400,   1.04248667
   1081367,   0.23175502,   0.02024400,   1.04248667
   1081369,   0.23175502,   0.02024400,   1.04248667
   1081371,   0.23809838,   0.02653086,   1.04875302
   1081373,   0.23809838,   0.02653086,   1.04248667
   1081376,   0.23175502,   0.02024400,   1.03622007
   1081378,   0.23175502,   0.02024400,   1.02995372
   1081380,   0.23175502,   0.02024400,   1.02368712
   1081383,   0.22541165,   0.02024400,   1.01742077
   1081385,   0.22541165,   0.02024400,   1.01115441
   1081388,   0.23175502,   0.02653086,   1.01742077
   1081391,   0.22541165,   0.02653086,   1.00488782
   1081393,   0.22541165,   0.03281784,   0.99862146
   1081395,   0.21906829,   0.03281784,   0.99862146
   1081398,   0.21906829,   0.02653086,   0.98608851
   1081400,   0.21906829,   0.02653086,   0.99235499
   1081402,   0.21906829,   0.03281784,   0.98608851
   1081405,   0.22541165,   0.03910470,   0.98608851
   1081407,   0.22541165,   0.03281784,   0.98608851
   1081409,   0.21906829,   0.03281784,   0.97982204
   1081412,   0.21906829,   0.03281784,   0.97982204
   1081414,   0.21906829,   0.02653086,   0.97355568
   1081416,   0.21906829,   0.02653086,   0.97355568
   1081418,   0.21906829,   0.02024400,   0.97355568
   1081421,   0.22541165,   0.02653086,   0.98608851
   1081423,   0.22541165,   0.02653086,   0.97982204
   1081425,   0.22541165,   0.02024400,   0.97355568
   1081428,   0.21906829,   0.02653086,   0.97982204
   1081431,   0.21906829,   0.02024400,   0.97982204
   1081433,   0.21906829,   0.02024400,   0.97355568
   1081436,   0.21906829,   0.02024400,   0.97355568
   1081438,   0.21906829,   0.02024400,   0.97982204
   1081440,   0.21906829,   0.02653086,   0.98608851
   1081443,   0.21272492,   0.02024400,   0.97982204
   1081445,   0.21272492,   0.02024400,   0.97982204
   1081447,   0.21272492,   0.02024400,   0.97355568
   1081450,   0.21272492,   0.01395702,   0.97355568
   1081452,   0.21906829,   0.01395702,   0.97355568
   1081454,   0.21906829,   0.01395702,   0.97982204
   1081456,   0.21272492,   0.02024400,   0.97982204
   1081459,   0.21272492,   0.02024400,   0.97982204
   1081461,   0.21272492,   0.02024400,   0.97982204
   1081463,   0.21272492,   0.02024400,   0.97355568
   1081466,   0.21272492,   0.01395702,   0.97982204
   1081468,   0.21272492,   0.01395702,   0.97982204
   1081470,   0.21272492,   0.01395702,   0.97982204
   1081474,   0.21272492,   0.01395702,   0.98608851
   1081476,   0.21272492,   0.01395702,   0.98608851
   1081478,   0.21272492,   0.00767004,   0.98608851
   1081481,   0.20638144,   0.00767004,   0.98608851
   1081483,   0.20638144,   0.00767004,   0.98608851
   1081485,   0.20003808,   0.00767004,   0.97982204
   1081488,   0.20638144,   0.00767004,   0.97982204
   1081490,   0.20638144,   0.01395702,   0.98608851
   1081492,   0.20638144,   0.01395702,   0.98608851
   1081494,   0.20638144,   0.01395702,   0.98608851
   1081497,   0.20003808,   0.00767004,   0.97982204
   1081499,   0.20003808,   0.00767004,   0.97982204
   1081501,   0.20638144,   0.01395702,   0.97982204
   1081504,   0.20638144,   0.00767004,   0.98608851
   1081506,   0.21272492,   0.01395702,   0.97982204
   1081508,   0.21272492,   0.01395702,   0.97355568
   1081511,   0.21272492,   0.02024400,   0.96728921
   1081513,   0.21272492,   0.02024400,   0.96102273
   1081516,   0.21272492,   0.02024400,   0.96102273
   1081519,   0.21272492,   0.02024400,   0.96102273
   1081521,   0.21272492,   0.02024400,   0.96102273
   1081523,   0.21906829,   0.02024400,   0.96102273
   1081526,   0.21272492,   0.02024400,   0.95475626
   1081528,   0.21272492,   0.01395702,   0.95475626
   1081530,   0.21272492,   0.01395702,   0.94848990
   1081533,   0.21272492,   0.00767004,   0.94222343
   1081535,   0.21272492,   0.01395702,   0.94222343
   1081537,   0.21272492,   0.01395702,   0.94222343
   1081539,   0.22541165,   0.02024400,   0.94222343
   1081542,   0.21906829,   0.02653086,   0.94222343
   1081544,   0.21906829,   0.02024400,   0.94848990
   1081546,   0.22541165,   0.02024400,   0.94222343
   1081549,   0.22541165,   0.02024400,   0.94848990
   1081551,   0.22541165,   0.02653086,   0.94848990
   1081553,   0.22541165,   0.02653086,   0.94222343
   1081556,   0.23175502,   0.03281784,   0.94848990
   1081559,   0.22541165,   0.03281784,   0.95475626
   1081561,   0.22541165,   0.02653086,   0.96102273
   1081564,   0.23175502,   0.02653086,   0.95475626
   1081566,   0.22541165,   0.03281784,   0.96102273
   1081568,   0.22541165,   0.03281784,   0.96728921
   1081571,   0.22541165,   0.02653086,   0.96102273
   1081573,   0.23809838,   0.03910470,   0.97355568
   1081575,   0.22541165,   0.03910470,   0.97982204
   1081578,   0.22541165,   0.02653086,   0.97982204
   1081580,   0.22541165,   0.02653086,   0.98608851
   1081582,   0.23175502,   0.02653086,   0.99235499
   1081584,   0.22541165,   0.02024400,   0.99235499
   1081587,   0.21906829,   0.02024400,   0.99235499
   1081589,   0.23175502,   0.02653086,   1.01115441
   1081591,   0.21906829,   0.02024400,   1.01115441
   1081594,   0.21906829,   0.02024400,   1.01115441
   1081596,   0.21906829,   0.02653086,   1.01115441
   1081598,   0.21272492,   0.02024400,   1.01115441
   1081602,   0.21272492,   0.02024400,   1.01115441
   1081604,   0.21272492,   0.02024400,   1.01115441
   1081606,   0.21272492,   0.03281784,   1.02368712
   1081609,   0.21906829,   0.02024400,   1.01115441
   1081611,   0.21272492,   0.02024400,   1.01115441
   1081613,   0.21272492,   0.02024400,   1.01742077
   1081616,   0.20638144,   0.02024400,   1.01742077
   1081618,   0.20638144,   0.02024400,   1.01115441
   1081620,   0.20003808,   0.02024400,   1.00488782
   1081622,   0.19369471,   0.03281784,   1.01742077
   1081625,   0.20003808,   0.02653086,   0.99862146
   1081627,   0.20003808,   0.02024400,   0.99862146
   1081629,   0.20638144,   0.02024400,   0.99862146
   1081632,   0.20003808,   0.02024400,   0.99862146
   1081634,   0.20003808,   0.01395702,   0.99235499
   1081636,   0.20638144,   0.02024400,   0.98608851
   1081639,   0.19369471,   0.02024400,   1.00488782
   1081641,   0.21272492,   0.02024400,   0.98608851
   1081644,   0.20638144,   0.02024400,   0.97982204
   1081647,   0.20638144,   0.02653086,   0.97982204
   1081649,   0.20003808,   0.02024400,   0.97355568
   1081651,   0.20003808,   0.02024400,   0.96728921
   1081654,   0.20003808,   0.02653086,   0.96728921
   1081656,   0.18735135,   0.01395702,   0.97355568
   1081658,   0.20638144,   0.02024400,   0.96728921
   1081661,   0.20638144,   0.02024400,   0.96728921
   1081663,   0.20638144,   0.02024400,   0.96728921
   1081665,   0.20003808,   0.01395702,   0.96102273
   1081667,   0.20638144,   0.02024400,   0.96728921
   1081670,   0.20003808,   0.02024400,   0.97355568
   1081672,   0.18735135,   0.00767004,   0.96728921
   1081674,   0.20638144,   0.02653086,   0.97355568
   1081677,   0.20638144,   0.02653086,   0.97982204
   1081679,   0.20638144,   0.02653086,   0.97982204
   1081681,   0.20003808,   0.01395702,   0.97982204
   1081684,   0.20003808,   0.02024400,   0.98608851
   1081687,   0.20003808,   0.02024400,   0.99235499
   1081689,   0.18100798,   0.00138319,   0.97355568
   1081692,   0.20003808,   0.02024400,   0.99235499
   1081694,   0.20638144,   0.01395702,   0.99235499
   1081696,   0.20638144,   0.01395702,   0.99862146
   1081699,   0.19369471,   0.00767004,   0.99862146
   1081701,   0.20003808,   0.01395702,   0.99862146
   1081703,   0.20003808,   0.02024400,   1.00488782
   1081706,   0.18100798,  -0.00490379,   0.99235499
   1081708,   0.20003808,   0.01395702,   1.01115441
   1081710,   0.20003808,   0.01395702,   1.00488782
   1081712,   0.19369471,   0.00767004,   1.00488782
   1081715,   0.18735135,   0.00767004,   0.99862146
   1081717,   0.19369471,   0.00767004,   0.99862146
   1081719,   0.19369471,   0.01395702,   0.99862146
   1081722,   0.17466462,  -0.01119071,   0.97982204
   1081724,   0.20003808,   0.00767004,   0.99862146
   1081726,   0.20003808,   0.00767004,   0.99235499
   1081730,   0.19369471,   0.00767004,   0.99235499
   1081732,   0.19369471,   0.00138319,   0.98608851
   1081734,   0.19369471,   0.00767004,   0.98608851
   1081737,   0.20003808,   0.00767004,   0.98608851
   1081739,   0.18100798,  -0.00490379,   0.96102273
   1081741,   0.20003808,   0.00767004,   0.99235499
   1081744,   0.20003808,   0.01395702,   0.97982204
   1081746,   0.20003808,   0.00767004,   0.97982204
   1081748,   0.18735135,   0.00767004,   0.97355568
   1081750,   0.18735135,   0.00767004,   0.97355568
   1081753,   0.18735135,   0.00767004,   0.97355568
   1081755,   0.18100798,  -0.01119071,   0.94848990
   1081757,   0.19369471,   0.00767004,   0.97355568
   1081760,   0.19369471,   0.00138319,   0.97982204
   1081762,   0.19369471,   0.00767004,   0.97355568
   1081764,   0.19369471,   0.00767004,   0.97355568
   1081767,   0.19369471,   0.00767004,   0.97355568
   1081769,   0.19369471,   0.00138319,   0.97355568
   1081772,   0.18735135,  -0.01119071,   0.94848990
   1081775,   0.20638144,   0.01395702,   0.97355568
   1081777,   0.20003808,   0.00767004,   0.97355568
   1081779,   0.19369471,   0.01395702,   0.96728921
   1081782,   0.19369471,   0.01395702,   0.96728921
   1081784,   0.20003808,   0.01395702,   0.96728921
   1081786,   0.20003808,   0.01395702,   0.96728921
   1081789,   0.20003808,   0.00767004,   0.94848990
   1081791,   0.20003808,   0.02024400,   0.97355568
   1081793,   0.20638144,   0.02024400,   0.97355568
   1081795,   0.20638144,   0.02653086,   0.97355568
   1081798,   0.20003808,   0.02024400,   0.96728921
   1081800,   0.20638144,   0.02024400,   0.96728921
   1081802,   0.20638144,   0.02653086,   0.96728921
   1081805,   0.20638144,   0.02653086,   0.96728921
   1081807,   0.20638144,   0.02653086,   0.97982204
   1081809,   0.20638144,   0.02653086,   0.97982204
   1081812,   0.20638144,   0.02653086,   0.99235499
   1081815,   0.20638144,   0.02024400,   0.98608851
   1081817,   0.20003808,   0.02024400,   0.99235499
   1081820,   0.21272492,   0.02653086,   0.99862146
   1081822,   0.21272492,   0.02653086,   0.98608851
   1081824,   0.20638144,   0.03281784,   0.99862146
   1081827,   0.20638144,   0.03281784,   0.99862146
   1081829,   0.20638144,   0.03281784,   1.00488782
   1081831,   0.20638144,   0.02653086,   1.00488782
   1081833,   0.20638144,   0.02653086,   1.01115441
   1081836,   0.20638144,   0.02653086,   1.01115441
   1081838,   0.21272492,   0.02653086,   1.01115441
   1081840,   0.21272492,   0.02653086,   1.01742077
   1081843,   0.21272492,   0.02024400,   1.01742077
   1081845,   0.20638144,   0.02024400,   1.01742077
   1081847,   0.20638144,   0.01395702,   1.01742077
   1081850,   0.20638144,   0.02024400,   1.01115441
   1081852,   0.20003808,   0.02024400,   1.01742077
   1081854,   0.21272492,   0.02024400,   1.02368712
   1081858,   0.21272492,   0.02024400,   1.02995372
   1081860,   0.20638144,   0.02024400,   1.02368712
   1081862,   0.20638144,   0.01395702,   1.02368712
   1081865,   0.20638144,   0.01395702,   1.01742077
   1081867,   0.20003808,   0.01395702,   1.02368712
   1081869,   0.20003808,   0.02024400,   1.02368712
   1081872,   0.21272492,   0.03281784,   1.02368712
   1081874,   0.20638144,   0.02653086,   1.02368712
   1081876,   0.20638144,   0.02653086,   1.01742077
   1081878,   0.20638144,   0.02024400,   1.01742077
   1081881,   0.20003808,   0.02024400,   1.01115441
   1081883,   0.19369471,   0.01395702,   1.01742077
   1081885,   0.19369471,   0.02024400,   1.01115441
   1081888,   0.20003808,   0.02653086,   1.01742077
   1081890,   0.20638144,   0.02653086,   1.01115441
   1081892,   0.20003808,   0.02653086,   1.00488782
   1081895,   0.20003808,   0.02653086,   1.00488782
   1081897,   0.19369471,   0.01395702,   0.99862146
   1081900,   0.19369471,   0.01395702,   0.99862146
   1081903,   0.19369471,   0.01395702,   1.00488782
   1081905,   0.20003808,   0.02653086,   1.01115441
   1081907,   0.20003808,   0.02024400,   1.00488782
   1081910,   0.20003808,   0.01395702,   1.00488782
   1081912,   0.19369471,   0.01395702,   0.99862146
   1081914,   0.19369471,   0.01395702,   1.00488782
   1081917,   0.19369471,   0.01395702,   1.00488782
   1081919,   0.19369471,   0.01395702,   1.00488782
   1081921,   0.19369471,   0.02653086,   1.01742077
   1081923,   0.19369471,   0.02653086,   1.01115441
   1081926,   0.19369471,   0.02024400,   1.00488782
   1081928,   0.18735135,   0.02024400,   1.01115441
   1081930,   0.18735135,   0.02024400,   1.00488782
   1081933,   0.18735135,   0.01395702,   1.01115441
   1081935,   0.18735135,   0.01395702,   1.01115441
   1081937,   0.18735135,   0.01395702,   1.02368712
   1081940,   0.19369471,   0.01395702,   1.02368712
   1081943,   0.18735135,   0.00767004,   1.01742077
   1081945,   0.18735135,   0.00767004,   1.01742077
   1081948,   0.18735135,   0.00767004,   1.01115441
   1081950,   0.18735135,   0.00767004,   1.01115441
   1081952,   0.18735135,   0.00767004,   1.01115441
   1081955,   0.18735135,   0.01395702,   1.01742077
   1081957,   0.18735135,   0.01395702,   1.01742077
   1081959,   0.18100798,   0.01395702,   1.01115441
   1081961,   0.18735135,   0.01395702,   1.01115441
   1081964,   0.18735135,   0.01395702,   1.01115441
   1081966,   0.18100798,   0.00767004,   1.01115441
   1081968,   0.17466462,   0.01395702,   1.01115441
   1081971,   0.17466462,   0.01395702,   1.01742077
   1081973,   0.18100798,   0.02024400,   1.01742077
   1081975,   0.18100798,   0.02024400,   1.01115441
   1081978,   0.17466462,   0.02024400,   1.00488782
   1081980,   0.17466462,   0.02653086,   1.00488782
   1081982,   0.16832125,   0.02024400,   1.01115441
   1081986,   0.17466462,   0.01395702,   1.00488782
   1081988,   0.17466462,   0.01395702,   1.01115441
   1081990,   0.16832125,   0.01395702,   1.01742077
   1081993,   0.17466462,   0.01395702,   1.00488782
   1081995,   0.16832125,   0.01395702,   1.00488782
   1081997,   0.16197789,   0.00767004,   1.00488782
   1082000,   0.16832125,   0.01395702,   1.00488782
   1082002,   0.16832125,   0.01395702,   1.00488782
   1082004,   0.16832125,   0.01395702,   0.99862146
   1082006,   0.16832125,   0.01395702,   1.00488782
   1082009,   0.16832125,   0.01395702,   0.99862146
   1082011,   0.16832125,   0.02024400,   1.00488782
   1082013,   0.16197789,   0.00767004,   0.99862146
   1082016,   0.16832125,   0.00767004,   0.99862146
   1082018,   0.16832125,   0.01395702,   0.99862146
   1082020,   0.16832125,   0.01395702,   0.99862146
   1082023,   0.16832125,   0.01395702,   0.99862146
   1082025,   0.16832125,   0.01395702,   0.99862146
   1082028,   0.16832125,   0.01395702,   0.99235499
   1082031,   0.16832125,   0.01395702,   0.99235499
   1082033,   0.16832125,   0.01395702,   0.98608851
   1082035,   0.16832125,   0.01395702,   0.98608851
   1082038,   0.16832125,   0.01395702,   0.98608851
   1082040,   0.17466462,   0.00767004,   0.98608851
   1082042,   0.17466462,   0.00767004,   0.98608851
   1082044,   0.16832125,   0.00767004,   0.97982204
   1082047,   0.16832125,   0.00138319,   0.97355568
   1082049,   0.16832125,   0.00767004,   0.97982204
   1082051,   0.17466462,   0.00767004,   0.97355568
   1082054,   0.16832125,   0.00767004,   0.96728921
   1082056,   0.18100798,   0.01395702,   0.97355568
   1082058,   0.17466462,   0.01395702,   0.96728921
   1082061,   0.17466462,   0.01395702,   0.96102273
   1082063,   0.17466462,   0.00767004,   0.95475626
   1082065,   0.17466462,   0.00767004,   0.95475626
   1082068,   0.17466462,   0.00767004,   0.96102273
   1082071,   0.17466462,   0.00767004,   0.96102273
   1082073,   0.18100798,   0.01395702,   0.96102273
   1082076,   0.17466462,   0.00767004,   0.95475626
   1082078,   0.18100798,   0.00767004,   0.95475626
   1082080,   0.18100798,   0.00767004,   0.94848990
   1082082,   0.18100798,   0.00767004,   0.94222343
   1082085,   0.18100798,   0.00767004,   0.94848990
   1082087,   0.18100798,   0.00767004,   0.94222343
   1082089,   0.19369471,   0.02024400,   0.94848990
   1082092,   0.18100798,   0.02024400,   0.94222343
   1082094,   0.18100798,   0.01395702,   0.93595695
   1082096,   0.18735135,   0.02024400,   0.92969048
   1082099,   0.18100798,   0.01395702,   0.92969048
   1082101,   0.18100798,   0.00767004,   0.92969048
   1082103,   0.18100798,   0.00767004,   0.92342401
   1082106,   0.18735135,   0.02653086,   0.92969048
   1082108,   0.18100798,   0.01395702,   0.92342401
   1082110,   0.17466462,   0.01395702,   0.92342401
   1082114,   0.17466462,   0.02024400,   0.91715765
   1082116,   0.16832125,   0.02024400,   0.91089118
   1082118,   0.16832125,   0.02024400,   0.91089118
   1082120,   0.16832125,   0.02024400,   0.90462470
   1082123,   0.16197789,   0.02653086,   0.91089118
   1082125,   0.16832125,   0.01395702,   0.88582540
   1082127,   0.16832125,   0.00138319,   0.87955892
   1082130,   0.16832125,  -0.00490379,   0.87329245
   1082132,   0.16197789,  -0.01119071,   0.85449314
   1082134,   0.16197789,  -0.01747769,   0.84196019
   1082137,   0.16197789,  -0.01747769,   0.82316089
   1082139,   0.14929116,  -0.01747769,   0.82316089
   1082141,   0.15563452,  -0.02376461,   0.79809511
   1082144,   0.14929116,  -0.03005153,   0.77302921
   1082146,   0.14929116,  -0.03633845,   0.75422990
   1082148,   0.14294779,  -0.04891235,   0.72289765
   1082151,   0.13026106,  -0.05519927,   0.70409834
   1082153,   0.12391770,  -0.06148624,   0.67903256
   1082156,   0.11123097,  -0.07406008,   0.66023314
   1082158,   0.12391770,  -0.06777316,   0.63516736
   1082161,   0.12391770,  -0.07406008,   0.61010158
   1082163,   0.11123097,  -0.08034700,   0.59130228
   1082165,   0.09220088,  -0.08663398,   0.56623638
   1082168,   0.08585751,  -0.08034700,   0.55370355
   1082170,   0.07951415,  -0.07406008,   0.52863777
   1082172,   0.06048405,  -0.08034700,   0.50983834
   1082175,   0.06682742,  -0.06148624,   0.49103904
   1082177,   0.02242386,  -0.05519927,   0.43464100
   1082179,   0.01608050,  -0.04891235,   0.38450944
   1082182,   0.00973713,  -0.03633845,   0.39704227
   1082184,  -0.00294960,  -0.01119071,   0.36571002
   1082186,  -0.00294960,   0.00138319,   0.39077580
   1082189,  -0.01563632,   0.00138319,   0.34691072
   1082191,   0.00973713,   0.02653086,   0.33437777
   1082193,   0.01608050,   0.01395702,   0.33437777
   1082196,   0.03511059,  -0.00490379,   0.30304551
   1082199,   0.04145396,  -0.02376461,   0.29677904
   1082201,   0.05414069,  -0.04891235,   0.29677904
   1082203,   0.06048405,  -0.07406008,   0.27797973
   1082206,   0.03511059,  -0.13064253,   0.27171326
   1082208,   0.06048405,  -0.13692945,   0.26544690
   1082210,   0.06048405,  -0.15579027,   0.25918043
   1082213,   0.05414069,  -0.17465109,   0.24664748
   1082215,   0.05414069,  -0.18093801,   0.21531522
   1082217,   0.06682742,  -0.17465109,   0.20904875
   1082220,   0.07317078,  -0.15579027,   0.19651592
   1082222,   0.04145396,  -0.13692945,   0.16518366
   1082224,   0.04779732,  -0.08034700,   0.17145014
   1082227,   0.04145396,  -0.05519927,   0.15265071
   1082229,   0.03511059,  -0.03005153,   0.14011788
   1082231,   0.02876723,  -0.01747769,   0.12758493
   1082234,   0.02242386,  -0.00490379,   0.11505210
   1082236,   0.02242386,   0.00767004,   0.10251915
   1082238,   0.00339377,  -0.00490379,   0.07118690
   1082242,   0.02242386,   0.02653086,   0.07745337
   1082244,   0.01608050,   0.02653086,   0.06492043
   1082246,   0.00973713,   0.03281784,   0.05865395
   1082249,   0.00339377,   0.02653086,   0.05238760
   1082251,   0.00339377,   0.02653086,   0.04612112
   1082253,   0.00339377,   0.03281784,   0.03985465
   1082255,  -0.00929296,   0.02024400,   0.02105534
   1082258,   0.00973713,   0.05167866,   0.03985465
   1082260,   0.00973713,   0.05167866,   0.03358817
   1082262,   0.00973713,   0.05167866,   0.03358817
   1082265,   0.00339377,   0.05167866,   0.02732182
   1082267,   0.00973713,   0.05167866,   0.02732182
   1082269,   0.00973713,   0.05167866,   0.02105534
   1082272,  -0.00294960,   0.03910470,   0.00852239
   1082274,   0.00973713,   0.05796552,   0.02105534
   1082276,   0.00973713,   0.05796552,   0.01478887
   1082279,   0.01608050,   0.05796552,   0.01478887
   1082281,   0.00339377,   0.05796552,   0.02105534
   1082284,   0.00339377,   0.05796552,   0.01478887
   1082287,   0.00973713,   0.05796552,   0.01478887
   1082289,   0.00339377,   0.04539168,   0.00225592
   1082291,   0.01608050,   0.05796552,   0.01478887
   1082293,   0.00973713,   0.05796552,   0.01478887
   1082296,   0.00339377,   0.05167866,   0.02105534
   1082298,  -0.00294960,   0.05167866,   0.02105534
   1082300,   0.00339377,   0.05167866,   0.01478887
   1082303,   0.00339377,   0.05167866,   0.01478887
   1082305,   0.00973713,   0.03910470,   0.00225592
   1082307,   0.00973713,   0.05167866,   0.01478887
   1082310,   0.00973713,   0.05167866,   0.01478887
   1082312,   0.00973713,   0.05167866,   0.01478887
   1082314,   0.00339377,   0.04539168,   0.01478887
   1082317,   0.00973713,   0.05167866,   0.01478887
   1082319,   0.00973713,   0.04539168,   0.02105534
   1082321,   0.00973713,   0.04539168,   0.01478887
   1082324,   0.00973713,   0.04539168,   0.02105534
   1082327,   0.00973713,   0.04539168,   0.02105534
   1082329,   0.00339377,   0.04539168,   0.02105534
   1082331,   0.00339377,   0.04539168,   0.01478887
   1082334,   0.00339377,   0.04539168,   0.01478887
   1082336,   0.00339377,   0.04539168,   0.02105534
   1082338,   0.00973713,   0.04539168,   0.02105534
   1082341,   0.00973713,   0.04539168,   0.02105534
   1082343,   0.00973713,   0.03910470,   0.02732182
   1082345,   0.00973713,   0.03281784,   0.02732182
   1082348,   0.00339377,   0.00138319,   0.02105534
   1082350,  -0.00929296,  -0.06777316,   0.05238760
   1082352,   0.00339377,  -0.09292090,   0.08998621
   1082355,   0.03511059,  -0.06777316,   0.06492043
   1082357,   0.04145396,  -0.03633845,   0.09625268
   1082359,   0.01608050,  -0.09292090,   0.07118690
   1082362,   0.01608050,  -0.13064253,   0.10251915
   1082364,   0.02876723,  -0.14950335,   0.12758493
   1082366,   0.00973713,  -0.13064253,   0.10251915
   1082370,  -0.00294960,  -0.08034700,   0.10251915
   1082372,   0.00973713,  -0.03633845,   0.07745337
   1082374,   0.02242386,  -0.02376461,   0.07745337
   1082376,   0.04145396,  -0.02376461,   0.10251915
   1082379,   0.06048405,  -0.03005153,   0.08998621
   1082381,   0.07317078,  -0.04262543,   0.12131846
   1082383,   0.08585751,  -0.06148624,   0.12758493
   1082386,   0.09854424,  -0.06148624,   0.13385141
   1082388,   0.10488760,  -0.06777316,   0.15891719
   1082390,   0.09220088,  -0.06148624,   0.14638436
   1082393,   0.08585751,  -0.05519927,   0.16518366
   1082395,   0.07317078,  -0.06148624,   0.17771649
   1082397,   0.06048405,  -0.08663398,   0.19024944
   1082400,   0.04779732,  -0.10549480,   0.21531522
   1082402,   0.04145396,  -0.12435555,   0.22784817
   1082404,   0.03511059,  -0.14321637,   0.25291395
   1082407,   0.02876723,  -0.16207719,   0.27171326
   1082409,   0.01608050,  -0.18093801,   0.26544690
   1082412,   0.00973713,  -0.19351184,   0.28424621
   1082415,   0.00339377,  -0.20608574,   0.28424621
   1082417,   0.00339377,  -0.21237266,   0.29051268
   1082419,  -0.00294960,  -0.21237266,   0.29677904
   1082421,   0.00339377,  -0.19351184,   0.30304551
   1082424,   0.00973713,  -0.19351184,   0.30304551
   1082426,   0.00973713,  -0.18093801,   0.29677904
   1082428,   0.00973713,  -0.16836411,   0.29051268
   1082431,   0.00973713,  -0.16207719,   0.28424621
   1082433,   0.00973713,  -0.15579027,   0.27171326
   1082435,   0.00973713,  -0.16207719,   0.27797973
   1082438,   0.01608050,  -0.14950335,   0.27797973
   1082440,   0.00973713,  -0.14950335,   0.26544690
   1082442,   0.00339377,  -0.14950335,   0.25918043
   1082445,  -0.00294960,  -0.14321637,   0.24664748
   1082447,  -0.01563632,  -0.13692945,   0.23411465
   1082449,  -0.02197969,  -0.13064253,   0.22158170
   1082452,  -0.02197969,  -0.11806864,   0.20278239
   1082455,  -0.02197969,  -0.08663398,   0.19651592
   1082457,  -0.01563632,  -0.07406008,   0.17771649
   1082460,  -0.02197969,  -0.04891235,   0.15265071
   1082462,  -0.00929296,  -0.03005153,   0.13385141
   1082464,  -0.00929296,  -0.01119071,   0.10878563
   1082466,  -0.00294960,   0.01395702,   0.09625268
   1082469,   0.00339377,   0.03910470,   0.07745337
   1082471,   0.00973713,   0.05796552,   0.07118690
   1082473,   0.01608050,   0.08311331,   0.05238760
   1082476,   0.01608050,   0.09568715,   0.03358817
   1082478,   0.02242386,   0.11454797,   0.02732182
   1082480,   0.01608050,   0.08940029,   0.00852239
   1082483,  -0.00929296,   0.07682633,   0.00852239
   1082485,   0.03511059,   0.07053947,   0.05238760
   1082487,  -0.06003994,   0.10197413,   0.01478887
   1082490,  -0.11713022,   0.25286055,  -0.07920790
   1082492,  -0.08541340,   0.39746010,  -0.12307304
   1082494,  -0.02832305,   0.50433803,  -0.22333622
   1082498,   0.02242386,   0.59235513,  -0.20453686
   1082500,   0.06682742,   0.64265060,  -0.22333622
   1082502,   0.11123097,   0.66151142,  -0.20453686
   1082504,   0.14294779,   0.66779840,  -0.15440530
   1082507,   0.18100798,   0.73066771,  -0.17947108
   1082509,   0.21272492,   0.84383249,  -0.17947108
   1082511,   0.26981521,   1.00729299,  -0.23586911
   1082514,   0.45377278,   1.18332720,  -0.27973425
   1082516,   0.64407384,   1.46623921,  -0.29853362
   1082518,   0.58064020,   1.41594362,  -0.39253038
   1082521,   1.08176613,   1.23362255,  -0.24213558
   1082523,   1.58923554,   0.93184960,  -0.02907628
   1082525,   1.83662677,   0.41632092,  -0.06667501
   1082528,   1.96349406,  -0.58330190,   0.81062794
   1082530,   2.03327131,  -1.36288190,   1.34954262
   1082532,   2.06498814,  -1.75895894,   1.78192759
   1082535,   2.07767487,  -1.90355849,   2.03885198
   1082537,   2.09036160,  -1.87841070,   2.20804620
   1082540,   2.09670496,  -2.04187107,   2.24564481
   1082542,   2.10304832,  -2.11731434,   2.30830932
   1082545,   2.09670496,  -2.12360120,   2.33337522
   1082547,   2.09670496,  -1.52005529,   2.33964157
   1082549,   2.09670496,  -0.58958882,   2.35217452
   1082552,   2.10304832,   0.15226960,   2.31457591
   1082554,   2.02692795,   0.79982400,   1.78192759
   1082556,   1.69707274,   1.38450909,   1.95112181
   1082559,   1.09445286,   1.69885588,   2.17671394
   1082561,   0.11757433,   1.84345531,   2.27071071
   1082563,  -0.68168986,   1.91889858,   2.31457591
   1082566,  -1.22721946,   1.95662022,   2.33337522
   1082568,  -1.36043012,   1.94404626,   2.18298030
   1082570,  -1.23990619,   1.83088160,   2.28324366
   1082573,  -1.10035217,   1.70514274,   1.83205914
   1082575,  -0.93542457,   1.45366526,   1.39967418
   1082577,  -0.68168986,   1.10788393,   1.45607233
   1082580,  -0.50407565,   0.81868482,   0.28424621
   1082583,  -0.29474449,   0.57978129,   0.70409834
   1082585,  -0.19959402,   0.41003394,   0.08998621
   1082587,  -0.15519041,   0.27800834,  -0.03534275
   1082590,  -0.08541340,   0.15855658,   0.35944355
   1082592,  -0.10444349,   0.07053947,  -0.26093495
   1082594,  -0.05369657,  -0.01119071,   0.29677904
   1082597,  -0.03466648,  -0.08034700,   0.08371985
   1082599,  -0.03466648,  -0.08663398,  -0.00401050
   1082601,  -0.00929296,  -0.10549480,   0.36571002
   1082604,  -0.01563632,  -0.11806864,  -0.08547431
   1082606,   0.04145396,  -0.16836411,   0.42837453
   1082608,   0.07317078,  -0.24380738,   0.44090748
   1082611,   0.09220088,  -0.25638121,   0.39704227
   1082613,   0.12391770,  -0.26266819,   0.70409834
   1082615,   0.11757433,  -0.26895511,   0.53490412
   1082618,   0.11757433,  -0.24380738,   0.65396667
   1082620,   0.14929116,  -0.19351184,   0.68529892
   1082622,   0.21272492,  -0.11806864,   0.59130228
   1082625,   0.28250194,  -0.10549480,   0.64770031
   1082628,   0.33324885,  -0.11178172,   0.55370355
   1082630,   0.37130904,  -0.03633845,   0.48477256
   1082632,   0.43474269,   0.07682633,   0.50983834
   1082635,   0.47280288,   0.09568715,   0.44090748
   1082637,   0.46645951,   0.03281784,   0.42837453
   1082639,   0.43474269,  -0.01119071,   0.41584158
   1082642,   0.41571259,  -0.03005153,   0.34691072
   1082644,   0.38399577,  -0.01747769,   0.34691072
   1082646,   0.35227895,   0.00138319,   0.30304551
   1082649,   0.31421876,   0.02024400,   0.27797973
   1082651,   0.28884530,   0.03281784,   0.28424621
   1082653,   0.26347184,   0.02024400,   0.25918043
   1082656,   0.23175502,   0.00767004,   0.29677904
   1082658,   0.21272492,  -0.02376461,   0.30304551
   1082660,   0.20003808,  -0.05519927,   0.33437777
   1082662,   0.18100798,  -0.08034700,   0.40957522
   1082665,   0.16197789,  -0.09920782,   0.44090748
   1082668,   0.15563452,  -0.09920782,   0.51610482
   1082670,   0.14929116,  -0.10549480,   0.57876933
   1082673,   0.12391770,  -0.13064253,   0.61636806
   1082675,   0.14929116,  -0.14321637,   0.67903256
   1082677,   0.14294779,  -0.18722492,   0.72916412
   1082680,   0.15563452,  -0.22494656,   0.81689441
   1082682,   0.17466462,  -0.24380738,   0.84822667
   1082684,   0.20003808,  -0.25009429,   0.87329245
   1082687,   0.19369471,  -0.26266819,   0.90462470
   1082689,   0.15563452,  -0.28152895,   0.89835823
   1082691,   0.14929116,  -0.25638121,   0.91715765
   1082694,   0.11123097,  -0.23752040,   0.91715765
   1082696,   0.06048405,  -0.19979882,   0.92969048
   1082698,   0.00339377,  -0.13692945,   0.94222343
   1082700,  -0.06003994,  -0.05519927,   0.95475626
   1082703,  -0.11078686,   0.02653086,   0.98608851
   1082705,  -0.16787714,   0.09568715,   1.01115441
   1082707,  -0.18690723,   0.20885205,   1.07381892
   1082711,  -0.21228075,   0.29686916,   1.13021684
   1082713,  -0.26302767,   0.35973847,   1.17408204
   1082715,  -0.30743122,   0.39746010,   1.24301291
   1082718,  -0.34549141,   0.42260790,   1.29314446
   1082720,  -0.37086493,   0.42889476,   1.33074331
   1082722,  -0.33914804,   0.40374708,   1.36207557
   1082725,  -0.18056387,   0.39117312,   1.40594077
   1082727,  -0.05369657,   0.34087765,   1.42474008
   1082729,   0.02242386,   0.29686916,   1.44980574
   1082732,   0.05414069,   0.27800834,   1.44353938
   1082734,   0.07951415,   0.28429520,   1.44353938
   1082736,   0.10488760,   0.29686916,   1.43100643
   1082739,   0.09854424,   0.28429520,   1.39340782
   1082741,   0.11123097,   0.30315602,   1.40594077
   1082743,   0.11123097,   0.28429520,   1.38714123
   1082745,   0.12391770,   0.25286055,   1.36834192
   1082748,   0.13026106,   0.22142589,   1.33700967
   1082750,   0.14294779,   0.19627810,   1.31821036
   1082753,   0.14929116,   0.18370426,   1.29314446
   1082756,   0.13660443,   0.15855658,   1.23674655
   1082758,   0.14929116,   0.19627810,   1.23048019
   1082760,   0.15563452,   0.22771287,   1.20541430
   1082763,   0.14929116,   0.26543450,   1.18034840
   1082765,   0.13660443,   0.30944300,   1.13648343
   1082767,   0.11757433,   0.33459079,   1.10515118
   1082770,   0.11757433,   0.35973847,   1.08008528
   1082772,   0.11123097,   0.37231231,   1.02368712
   1082774,   0.13026106,   0.42260790,   1.02368712
   1082777,   0.13026106,   0.44775558,   0.98608851
   1082779,   0.13660443,   0.46661639,   0.96728921
   1082781,   0.14294779,   0.47919023,   0.92969048
   1082784,   0.15563452,   0.49805105,   0.89835823
   1082786,   0.17466462,   0.51062500,   0.88582540
   1082788,   0.16832125,   0.49805105,   0.83569372
   1082790,   0.17466462,   0.51691186,   0.85449314
   1082793,   0.17466462,   0.49805105,   0.84196019
   1082796,   0.18100798,   0.46661639,   0.82942736
   1082798,   0.19369471,   0.41632092,   0.82942736
   1082801,   0.21272492,   0.37231231,   0.82942736
   1082803,   0.23809838,   0.32830381,   0.83569372
   1082805,   0.25078511,   0.29058218,   0.82316089
   1082808,   0.25712848,   0.29686916,   0.84822667
   1082810,   0.25078511,   0.29686916,   0.85449314
   1082812,   0.23809838,   0.30315602,   0.86075950
   1082815,   0.22541165,   0.30944300,   0.86702597
   1082817,   0.21272492,   0.32201684,   0.86702597
   1082819,   0.20003808,   0.33459079,   0.87955892
   1082822,   0.18100798,   0.34087765,   0.87329245
   1082824,   0.16197789,   0.34716463,   0.89835823
   1082826,   0.14929116,   0.35973847,   0.90462470
   1082828,   0.13026106,   0.35973847,   0.91089118
   1082831,   0.11757433,   0.35973847,   0.91715765
   1082833,   0.10488760,   0.35973847,   0.92342401
   1082835,   0.09854424,   0.35345149,   0.92342401
   1082839,   0.10488760,   0.35973847,   0.92969048
   1082841,   0.09220088,   0.35345149,   0.94222343
   1082843,   0.08585751,   0.35345149,   0.94848990
   1082846,   0.07951415,   0.34716463,   0.95475626
   1082848,   0.07317078,   0.34087765,   0.96102273
   1082850,   0.07317078,   0.34087765,   0.97355568
   1082853,   0.07317078,   0.34716463,   0.97982204
   1082855,   0.07951415,   0.34716463,   0.98608851
   1082857,   0.07951415,   0.34716463,   0.99235499
   1082860,   0.07951415,   0.35345149,   0.99235499
   1082862,   0.07951415,   0.35973847,   0.99235499
   1082864,   0.07951415,   0.36602545,   0.99235499
   1082866,   0.07951415,   0.37231231,   0.98608851
   1082869,   0.07951415,   0.37231231,   0.99235499
   1082871,   0.08585751,   0.37859929,   0.99235499
   1082873,   0.09220088,   0.38488626,   0.99235499
   1082876,   0.09220088,   0.38488626,   0.98608851
   1082878,   0.09854424,   0.36602545,   0.98608851
   1082881,   0.11123097,   0.34716463,   0.97982204
   1082884,   0.13026106,   0.35345149,   0.97982204
   1082886,   0.13026106,   0.35973847,   0.95475626
   1082888,   0.13660443,   0.37231231,   0.95475626
   1082891,   0.13026106,   0.36602545,   0.94222343
   1082893,   0.12391770,   0.35345149,   0.94222343
   1082895,   0.11757433,   0.33459079,   0.94222343
   1082898,   0.13026106,   0.32201684,   0.92969048
   1082900,   0.14294779,   0.32201684,   0.92969048
   1082902,   0.14929116,   0.33459079,   0.92969048
   1082904,   0.14929116,   0.35345149,   0.93595695
   1082907,   0.15563452,   0.35973847,   0.92969048
   1082909,   0.15563452,   0.37231231,   0.93595695
   1082911,   0.15563452,   0.38488626,   0.92969048
   1082914,   0.14929116,   0.39117312,   0.94222343
   1082916,   0.14929116,   0.39117312,   0.94848990
   1082918,   0.14929116,   0.39746010,   0.94848990
   1082921,   0.14929116,   0.40374708,   0.96102273
   1082924,   0.14929116,   0.40374708,   0.96728921
   1082926,   0.14294779,   0.39117312,   0.96102273
   1082929,   0.14929116,   0.38488626,   0.96102273
   1082931,   0.14294779,   0.37231231,   0.96728921
   1082933,   0.14294779,   0.36602545,   0.97355568
   1082936,   0.14929116,   0.35973847,   0.97982204
   1082938,   0.14929116,   0.36602545,   0.99235499
   1082940,   0.14929116,   0.37231231,   0.99235499
   1082942,   0.13660443,   0.37231231,   0.99235499
   1082945,   0.12391770,   0.37859929,   0.99235499
   1082947,   0.11757433,   0.38488626,   0.98608851
   1082949,   0.11123097,   0.39117312,   0.99235499
   1082952,   0.11123097,   0.39746010,   0.98608851
   1082954,   0.11123097,   0.39746010,   0.99235499
   1082956,   0.11757433,   0.39746010,   0.99235499
   1082959,   0.11123097,   0.38488626,   0.98608851
   1082961,   0.11757433,   0.38488626,   0.97982204
   1082963,   0.11757433,   0.38488626,   0.96728921
   1082967,   0.11123097,   0.39117312,   0.96728921
   1082969,   0.11123097,   0.38488626,   0.96728921
   1082971,   0.11123097,   0.39117312,   0.96728921
   1082974,   0.11123097,   0.39117312,   0.96728921
   1082976,   0.11757433,   0.38488626,   0.96102273
   1082978,   0.11757433,   0.38488626,   0.94848990
   1082981,   0.11123097,   0.37859929,   0.92969048
   1082983,   0.11123097,   0.37859929,   0.91715765
   1082985,   0.10488760,   0.38488626,   0.91715765
   1082987,   0.11123097,   0.37859929,   0.91715765
   1082990,   0.11123097,   0.37859929,   0.91715765
   1082992,   0.11123097,   0.36602545,   0.91089118
   1082994,   0.10488760,   0.37231231,   0.90462470
   1082997,   0.09854424,   0.37859929,   0.89835823
   1082999,   0.09220088,   0.38488626,   0.89835823
   1083001,   0.09220088,   0.39117312,   0.90462470
   1083004,   0.09220088,   0.39117312,   0.91089118
   1083006,   0.09854424,   0.39117312,   0.91715765
   1083009,   0.10488760,   0.39117312,   0.91715765
   1083012,   0.10488760,   0.38488626,   0.91715765
   1083014,   0.10488760,   0.37859929,   0.91715765
   1083016,   0.09854424,   0.37859929,   0.92342401
   1083019,   0.09854424,   0.37859929,   0.92969048
   1083021,   0.09854424,   0.37231231,   0.93595695
   1083023,   0.09220088,   0.37231231,   0.93595695
   1083025,   0.09220088,   0.37859929,   0.93595695
   1083028,   0.09220088,   0.37859929,   0.94222343
   1083030,   0.08585751,   0.37231231,   0.93595695
   1083032,   0.08585751,   0.37231231,   0.92969048
   1083035,   0.09220088,   0.37231231,   0.92969048
   1083037,   0.09220088,   0.37859929,   0.94222343
   1083039,   0.09854424,   0.37859929,   0.94848990
   1083042,   0.09220088,   0.38488626,   0.94848990
   1083044,   0.09220088,   0.39117312,   0.94848990
   1083046,   0.09220088,   0.39117312,   0.94848990
   1083049,   0.09220088,   0.39117312,   0.95475626
   1083052,   0.09220088,   0.39117312,   0.95475626
   1083054,   0.09220088,   0.39746010,   0.96102273
   1083057,   0.11123097,   0.40374708,   0.96728921
   1083059,   0.10488760,   0.39746010,   0.97355568
   1083061,   0.10488760,   0.39746010,   0.97355568
   1083063,   0.10488760,   0.39746010,   0.97355568
   1083066,   0.09854424,   0.38488626,   0.97355568
   1083068,   0.10488760,   0.38488626,   0.97355568
   1083070,   0.09854424,   0.38488626,   0.96728921
   1083073,   0.10488760,   0.39746010,   0.97355568
   1083075,   0.09220088,   0.39117312,   0.96728921
   1083077,   0.08585751,   0.39746010,   0.96728921
   1083080,   0.09220088,   0.39746010,   0.96102273
   1083082,   0.09220088,   0.39117312,   0.95475626
   1083084,   0.09220088,   0.39117312,   0.96102273
   1083087,   0.09220088,   0.39746010,   0.95475626
   1083089,   0.10488760,   0.41003394,   0.96102273
   1083091,   0.09220088,   0.39746010,   0.95475626
   1083095,   0.09854424,   0.39117312,   0.94848990
   1083097,   0.09220088,   0.39746010,   0.94222343
   1083099,   0.09220088,   0.39117312,   0.93595695
   1083101,   0.09220088,   0.39746010,   0.93595695
   1083104,   0.09854424,   0.39117312,   0.92969048
   1083106,   0.09854424,   0.40374708,   0.94222343
   1083108,   0.09854424,   0.39117312,   0.92342401
   1083111,   0.09854424,   0.39117312,   0.92342401
   1083113,   0.09854424,   0.39746010,   0.92342401
   1083115,   0.09854424,   0.39117312,   0.91715765
   1083118,   0.09220088,   0.39117312,   0.91089118
   1083120,   0.09220088,   0.39746010,   0.91715765
   1083122,   0.08585751,   0.39746010,   0.93595695
   1083125,   0.09854424,   0.39117312,   0.91715765
   1083127,   0.10488760,   0.39117312,   0.91715765
   1083129,   0.09854424,   0.38488626,   0.92342401
   1083132,   0.09854424,   0.38488626,   0.91715765
   1083134,   0.09854424,   0.38488626,   0.92342401
   1083137,   0.09854424,   0.37859929,   0.92342401
   1083139,   0.07951415,   0.37231231,   0.92342401
   1083142,   0.09854424,   0.38488626,   0.92342401
   1083144,   0.09220088,   0.37859929,   0.92969048
   1083146,   0.09220088,   0.37859929,   0.92969048
   1083149,   0.09220088,   0.37231231,   0.93595695
   1083151,   0.09854424,   0.37231231,   0.94222343
   1083153,   0.09220088,   0.37859929,   0.94222343
   1083156,   0.07951415,   0.36602545,   0.93595695
   1083158,   0.09220088,   0.37859929,   0.95475626
   1083160,   0.09220088,   0.37859929,   0.95475626
   1083163,   0.09220088,   0.37231231,   0.96102273
   1083165,   0.08585751,   0.37231231,   0.95475626
   1083167,   0.09220088,   0.37859929,   0.96102273
   1083170,   0.08585751,   0.37859929,   0.95475626
   1083172,   0.07317078,   0.35973847,   0.94848990
   1083174,   0.09220088,   0.37859929,   0.96728921
   1083177,   0.09220088,   0.37859929,   0.96728921
   1083180,   0.09220088,   0.37859929,   0.96728921
   1083182,   0.08585751,   0.37859929,   0.96728921
   1083184,   0.09220088,   0.37231231,   0.96728921
   1083187,   0.09220088,   0.37859929,   0.96728921
   1083189,   0.07317078,   0.35973847,   0.94848990
   1083191,   0.09220088,   0.37231231,   0.97355568
   1083194,   0.09220088,   0.37231231,   0.96102273
   1083196,   0.09220088,   0.37231231,   0.96102273
   1083198,   0.08585751,   0.37231231,   0.96102273
   1083201,   0.08585751,   0.37231231,   0.95475626
   1083203,   0.09220088,   0.37859929,   0.96102273
   1083205,   0.07317078,   0.35973847,   0.92969048
   1083208,   0.09220088,   0.37859929,   0.94848990
   1083210,   0.09220088,   0.37859929,   0.94848990
   1083212,   0.09220088,   0.37859929,   0.94222343
   1083215,   0.09220088,   0.37859929,   0.93595695
   1083217,   0.09220088,   0.37859929,   0.94222343
   1083219,   0.09854424,   0.37859929,   0.94222343
   1083222,   0.07951415,   0.35973847,   0.91089118
   1083225,   0.09854424,   0.38488626,   0.93595695
   1083227,   0.09854424,   0.38488626,   0.92969048
   1083229,   0.09220088,   0.38488626,   0.92969048
   1083232,   0.09220088,   0.38488626,   0.92342401
   1083234,   0.09220088,   0.38488626,   0.92969048
   1083236,   0.09220088,   0.38488626,   0.93595695
   1083239,   0.08585751,   0.35973847,   0.91089118
   1083241,   0.09220088,   0.37859929,   0.92969048
   1083243,   0.09220088,   0.37859929,   0.92969048
   1083246,   0.09220088,   0.37859929,   0.93595695
   1083248,   0.08585751,   0.37859929,   0.92969048
   1083250,   0.08585751,   0.37859929,   0.92969048
   1083253,   0.08585751,   0.37859929,   0.93595695
   1083255,   0.08585751,   0.36602545,   0.91715765
   1083257,   0.09854424,   0.38488626,   0.94222343
   1083259,   0.09854424,   0.37859929,   0.93595695
   1083262,   0.09854424,   0.37859929,   0.94222343
   1083265,   0.09220088,   0.37859929,   0.94222343
   1083267,   0.09854424,   0.37859929,   0.94848990
   1083270,   0.09854424,   0.37859929,   0.94222343
   1083272,   0.09854424,   0.37231231,   0.91715765
   1083274,   0.09854424,   0.38488626,   0.94222343
   1083277,   0.09854424,   0.37859929,   0.94222343
   1083279,   0.09220088,   0.37859929,   0.94222343
   1083281,   0.09220088,   0.37231231,   0.94222343
   1083284,   0.08585751,   0.37231231,   0.94222343
   1083286,   0.08585751,   0.37231231,   0.94222343
   1083288,   0.09854424,   0.37859929,   0.92969048
   1083291,   0.08585751,   0.37231231,   0.94222343
   1083293,   0.09220088,   0.37231231,   0.94222343
   1083295,   0.08585751,   0.37231231,   0.94222343
   1083297,   0.07951415,   0.37231231,   0.94848990
   1083300,   0.07951415,   0.37231231,   0.94848990
   1083302,   0.08585751,   0.37231231,   0.94848990
   1083304,   0.09220088,   0.37859929,   0.94848990
   1083308,   0.09220088,   0.37231231,   0.95475626
   1083310,   0.09220088,   0.37231231,   0.94848990
   1083312,   0.09220088,   0.36602545,   0.95475626
   1083315,   0.08585751,   0.37231231,   0.94222343
   1083317,   0.09220088,   0.37231231,   0.94222343
   1083319,   0.08585751,   0.37859929,   0.94222343
   1083322,   0.09854424,   0.38488626,   0.95475626
   1083324,   0.09220088,   0.38488626,   0.94848990
   1083326,   0.09854424,   0.37859929,   0.95475626
   1083329,   0.09220088,   0.37859929,   0.95475626
   1083331,   0.09220088,   0.37231231,   0.94848990
   1083333,   0.09220088,   0.37859929,   0.94848990
   1083336,   0.09220088,   0.37859929,   0.95475626
   1083338,   0.09854424,   0.38488626,   0.95475626
   1083340,   0.09854424,   0.37859929,   0.95475626
   1083342,   0.09854424,   0.37859929,   0.95475626
   1083345,   0.09220088,   0.37859929,   0.94848990
   1083347,   0.09220088,   0.37231231,   0.94848990
   1083350,   0.09220088,   0.37231231,   0.94848990
   1083353,   0.09220088,   0.37231231,   0.95475626
   1083355,   0.10488760,   0.38488626,   0.96102273
   1083357,   0.10488760,   0.38488626,   0.95475626
   1083360,   0.09854424,   0.37859929,   0.94848990
   1083362,   0.09854424,   0.37859929,   0.94848990
   1083364,   0.09220088,   0.37231231,   0.94848990
   1083367,   0.09854424,   0.36602545,   0.94848990
   1083369,   0.08585751,   0.36602545,   0.94222343
   1083371,   0.09220088,   0.37231231,   0.94848990
   1083374,   0.08585751,   0.37231231,   0.94222343
   1083376,   0.08585751,   0.37231231,   0.94222343
   1083378,   0.08585751,   0.37231231,   0.92969048
   1083381,   0.08585751,   0.37859929,   0.92342401
   1083383,   0.08585751,   0.37859929,   0.92969048
   1083385,   0.08585751,   0.37859929,   0.92969048
   1083387,   0.08585751,   0.38488626,   0.92969048
   1083390,   0.09220088,   0.38488626,   0.92342401
   1083393,   0.08585751,   0.38488626,   0.92342401
   1083395,   0.09220088,   0.38488626,   0.92342401
   1083398,   0.08585751,   0.38488626,   0.92342401
   1083400,   0.08585751,   0.38488626,   0.92342401
   1083402,   0.09220088,   0.38488626,   0.92342401
   1083405,   0.09220088,   0.39117312,   0.92969048
   1083407,   0.09854424,   0.39117312,   0.93595695
   1083409,   0.09220088,   0.38488626,   0.92969048
   1083412,   0.09220088,   0.39117312,   0.92969048
   1083414,   0.08585751,   0.38488626,   0.92969048
   1083416,   0.07951415,   0.38488626,   0.93595695
   1083419,   0.07951415,   0.38488626,   0.93595695
   1083421,   0.08585751,   0.38488626,   0.94848990
   1083423,   0.09220088,   0.38488626,   0.94848990
   1083425,   0.09220088,   0.38488626,   0.94222343
   1083428,   0.08585751,   0.39117312,   0.94222343
   1083430,   0.07951415,   0.37859929,   0.94222343
   1083432,   0.07951415,   0.37231231,   0.94848990
   1083436,   0.07951415,   0.37231231,   0.94848990
   1083438,   0.07951415,   0.37859929,   0.95475626
   1083440,   0.07951415,   0.38488626,   0.95475626
   1083443,   0.07317078,   0.38488626,   0.95475626
   1083445,   0.07317078,   0.38488626,   0.95475626
   1083447,   0.07317078,   0.38488626,   0.95475626
   1083450,   0.07951415,   0.37859929,   0.94848990
   1083452,   0.08585751,   0.37859929,   0.95475626
   1083454,   0.07951415,   0.38488626,   0.95475626
   1083456,   0.07951415,   0.39746010,   0.96102273
   1083459,   0.08585751,   0.39746010,   0.96102273
   1083461,   0.08585751,   0.39117312,   0.96102273
   1083463,   0.07951415,   0.39117312,   0.95475626
   1083466,   0.07951415,   0.39117312,   0.96102273
   1083468,   0.08585751,   0.39117312,   0.96102273
   1083470,   0.08585751,   0.39746010,   0.96102273
   1083473,   0.09220088,   0.40374708,   0.96102273
   1083475,   0.09220088,   0.39746010,   0.95475626
   1083478,   0.09220088,   0.39746010,   0.95475626
   1083481,   0.08585751,   0.39746010,   0.94848990
   1083483,   0.08585751,   0.39746010,   0.94848990
   1083485,   0.08585751,   0.39746010,   0.95475626
   1083488,   0.08585751,   0.39746010,   0.94848990
   1083490,   0.08585751,   0.39746010,   0.95475626
   1083492,   0.08585751,   0.39117312,   0.95475626
   1083495,   0.07951415,   0.39117312,   0.94848990
   1083497,   0.07951415,   0.39117312,   0.94222343
   1083499,   0.07951415,   0.39117312,   0.93595695
   1083502,   0.07951415,   0.39117312,   0.94222343
   1083504,   0.07951415,   0.39117312,   0.94222343
   1083506,   0.08585751,   0.39746010,   0.94222343
   1083508,   0.08585751,   0.39117312,   0.94222343
   1083511,   0.07951415,   0.38488626,   0.94222343
   1083513,   0.07951415,   0.38488626,   0.92969048
   1083515,   0.07951415,   0.38488626,   0.92969048
   1083518,   0.07951415,   0.38488626,   0.92969048
   1083521,   0.07317078,   0.37859929,   0.92969048
   1083523,   0.07951415,   0.39117312,   0.92969048
   1083526,   0.07317078,   0.38488626,   0.93595695
   1083528,   0.07317078,   0.38488626,   0.92969048
   1083530,   0.07317078,   0.38488626,   0.92969048
   1083533,   0.06682742,   0.37859929,   0.92969048
   1083535,   0.06682742,   0.37859929,   0.93595695
   1083537,   0.06682742,   0.37859929,   0.93595695
   1083540,   0.07951415,   0.37859929,   0.94222343
   1083542,   0.07951415,   0.37231231,   0.94848990
   1083544,   0.07317078,   0.37231231,   0.94848990
   1083546,   0.07951415,   0.37859929,   0.94222343
   1083549,   0.07317078,   0.37859929,   0.94222343
   1083551,   0.07317078,   0.37859929,   0.94848990
   1083553,   0.07317078,   0.37859929,   0.94848990
   1083556,   0.08585751,   0.38488626,   0.96102273
   1083558,   0.07951415,   0.38488626,   0.95475626
   1083560,   0.07317078,   0.37859929,   0.95475626
   1083564,   0.07951415,   0.38488626,   0.95475626
   1083566,   0.07317078,   0.37859929,   0.95475626
   1083568,   0.07317078,   0.38488626,   0.94848990
   1083571,   0.07317078,   0.38488626,   0.94848990
   1083573,   0.08585751,   0.40374708,   0.95475626
   1083575,   0.07951415,   0.39117312,   0.94222343
   1083578,   0.07951415,   0.38488626,   0.94222343
   1083580,   0.08585751,   0.38488626,   0.94222343
   1083582,   0.07951415,   0.37859929,   0.93595695
   1083584,   0.07951415,   0.38488626,   0.94222343
   1083587,   0.07951415,   0.37859929,   0.93595695
   1083589,   0.08585751,   0.39117312,   0.94848990
   1083591,   0.08585751,   0.37859929,   0.93595695
   1083594,   0.08585751,   0.38488626,   0.94222343
   1083596,   0.08585751,   0.38488626,   0.94222343
   1083598,   0.08585751,   0.37859929,   0.94222343
   1083601,   0.08585751,   0.38488626,   0.93595695
   1083603,   0.08585751,   0.38488626,   0.93595695
   1083606,   0.07317078,   0.39117312,   0.95475626
   1083609,   0.08585751,   0.38488626,   0.94222343
   1083611,   0.08585751,   0.38488626,   0.94222343
   1083613,   0.09220088,   0.38488626,   0.94848990
   1083616,   0.08585751,   0.38488626,   0.94222343
   1083618,   0.09220088,   0.38488626,   0.93595695
   1083620,   0.09220088,   0.38488626,   0.94222343
   1083622,   0.07951415,   0.37859929,   0.94848990
   1083625,   0.09220088,   0.39117312,   0.94222343
   1083627,   0.09854424,   0.39117312,   0.93595695
   1083629,   0.09854424,   0.39117312,   0.94222343
   1083632,   0.09854424,   0.38488626,   0.93595695
   1083634,   0.09220088,   0.39117312,   0.94222343
   1083636,   0.09220088,   0.39117312,   0.94222343
   1083639,   0.07317078,   0.37859929,   0.94222343
   1083641,   0.09854424,   0.39746010,   0.94222343
   1083643,   0.09220088,   0.39117312,   0.94222343
   1083646,   0.09854424,   0.39117312,   0.94222343
   1083649,   0.09220088,   0.39117312,   0.93595695
   1083651,   0.09220088,   0.39117312,   0.93595695
   1083654,   0.09220088,   0.39117312,   0.93595695
   1083656,   0.07317078,   0.37859929,   0.92342401
   1083658,   0.09220088,   0.39746010,   0.93595695
   1083660,   0.09220088,   0.39117312,   0.93595695
   1083663,   0.09220088,   0.39117312,   0.93595695
   1083665,   0.08585751,   0.38488626,   0.93595695
   1083667,   0.08585751,   0.38488626,   0.93595695
   1083670,   0.08585751,   0.39117312,   0.93595695
   1083672,   0.06682742,   0.37231231,   0.92342401
   1083674,   0.09220088,   0.39117312,   0.94222343
   1083677,   0.08585751,   0.38488626,   0.94222343
   1083679,   0.09220088,   0.39117312,   0.93595695
   1083681,   0.08585751,   0.38488626,   0.92969048
   1083684,   0.08585751,   0.38488626,   0.92969048
   1083686,   0.08585751,   0.38488626,   0.92969048
   1083688,   0.06682742,   0.36602545,   0.91089118
   1083692,   0.08585751,   0.39117312,   0.93595695
   1083694,   0.08585751,   0.38488626,   0.94222343
   1083696,   0.08585751,   0.37859929,   0.93595695
   1083698,   0.07951415,   0.37859929,   0.93595695
   1083701,   0.07951415,   0.37859929,   0.94222343
   1083703,   0.07951415,   0.38488626,   0.94848990
   1083705,   0.06682742,   0.35973847,   0.91715765
   1083708,   0.08585751,   0.37859929,   0.94222343
   1083710,   0.08585751,   0.38488626,   0.94848990
   1083712,   0.07951415,   0.38488626,   0.94848990
   1083715,   0.07951415,   0.37859929,   0.94222343
   1083717,   0.07317078,   0.37859929,   0.93595695
   1083719,   0.07317078,   0.38488626,   0.94222343
   1083722,   0.06682742,   0.36602545,   0.91715765
   1083724,   0.07951415,   0.38488626,   0.94848990
   1083726,   0.07317078,   0.38488626,   0.94848990
   1083729,   0.07317078,   0.39117312,   0.94222343
   1083731,   0.07951415,   0.38488626,   0.94222343
   1083734,   0.07951415,   0.39117312,   0.94222343
   1083736,   0.07951415,   0.39117312,   0.94222343
   1083739,   0.07951415,   0.37859929,   0.92342401
   1083741,   0.08585751,   0.39117312,   0.94848990
   1083743,   0.08585751,   0.39117312,   0.94848990
   1083746,   0.08585751,   0.39117312,   0.94848990
   1083748,   0.07951415,   0.38488626,   0.94222343
   1083750,   0.07951415,   0.38488626,   0.94222343
   1083753,   0.07951415,   0.39117312,   0.94222343
   1083755,   0.07951415,   0.38488626,   0.92342401
   1083757,   0.07317078,   0.39117312,   0.93595695
   1083760,   0.06682742,   0.39746010,   0.93595695
   1083762,   0.06682742,   0.39117312,   0.93595695
   1083764,   0.06682742,   0.38488626,   0.92969048
   1083767,   0.06048405,   0.38488626,   0.93595695
   1083769,   0.06682742,   0.38488626,   0.94222343
   1083771,   0.06682742,   0.38488626,   0.93595695
   1083774,   0.06682742,   0.39117312,   0.94848990
   1083777,   0.06048405,   0.39117312,   0.94222343
   1083779,   0.06048405,   0.39117312,   0.94222343
   1083781,   0.06682742,   0.39746010,   0.93595695
   1083784,   0.07317078,   0.39117312,   0.94222343
   1083786,   0.06682742,   0.39117312,   0.94222343
   1083788,   0.07951415,   0.39746010,   0.94222343
   1083791,   0.07317078,   0.39117312,   0.94848990
   1083793,   0.06682742,   0.39117312,   0.94222343
   1083795,   0.06682742,   0.39117312,   0.93595695
   1083798,   0.06682742,   0.38488626,   0.92969048
   1083800,   0.06682742,   0.38488626,   0.94222343
   1083802,   0.06682742,   0.38488626,   0.93595695
   1083805,   0.07317078,   0.39117312,   0.94222343
   1083807,   0.07317078,   0.39117312,   0.94222343
   1083809,   0.06682742,   0.39117312,   0.93595695
   1083812,   0.07317078,   0.39117312,   0.93595695
   1083814,   0.07317078,   0.39117312,   0.93595695
   1083816,   0.07317078,   0.39117312,   0.94222343
   1083820,   0.07951415,   0.38488626,   0.93595695
   1083822,   0.08585751,   0.39117312,   0.94848990
   1083824,   0.07951415,   0.39117312,   0.94222343
   1083826,   0.07951415,   0.39117312,   0.93595695
   1083829,   0.07951415,   0.39117312,   0.94222343
   1083831,   0.07951415,   0.39117312,   0.93595695
   1083833,   0.08585751,   0.39117312,   0.94222343
   1083836,   0.07951415,   0.38488626,   0.94222343
   1083838,   0.08585751,   0.39117312,   0.94848990
   1083840,   0.08585751,   0.39117312,   0.94848990
   1083843,   0.07951415,   0.38488626,   0.94222343
   1083845,   0.07951415,   0.38488626,   0.94222343
   1083847,   0.07951415,   0.39117312,   0.93595695
   1083850,   0.08585751,   0.38488626,   0.93595695
   1083852,   0.07951415,   0.39117312,   0.94222343
   1083854,   0.08585751,   0.39117312,   0.94848990
   1083856,   0.08585751,   0.39117312,   0.94848990
   1083859,   0.08585751,   0.38488626,   0.94222343
   1083862,   0.08585751,   0.38488626,   0.94222343
   1083864,   0.08585751,   0.38488626,   0.93595695
   1083867,   0.09220088,   0.37859929,   0.93595695
   1083869,   0.08585751,   0.37859929,   0.93595695
   1083871,   0.08585751,   0.38488626,   0.94848990
   1083874,   0.09220088,   0.38488626,   0.94848990
   1083876,   0.08585751,   0.38488626,   0.94222343
   1083878,   0.09220088,   0.37859929,   0.94222343
   1083881,   0.08585751,   0.37859929,   0.93595695
   1083883,   0.07951415,   0.37859929,   0.94222343
   1083885,   0.08585751,   0.37859929,   0.94222343
   1083888,   0.09220088,   0.37859929,   0.94848990
   1083890,   0.08585751,   0.37859929,   0.94848990
   1083892,   0.08585751,   0.37859929,   0.94222343
   1083894,   0.08585751,   0.37859929,   0.93595695
   1083897,   0.08585751,   0.37231231,   0.94222343
   1083899,   0.08585751,   0.37231231,   0.94222343
   1083901,   0.08585751,   0.37231231,   0.94222343
   1083905,   0.08585751,   0.37231231,   0.94848990
   1083907,   0.09220088,   0.37231231,   0.94848990
   1083909,   0.08585751,   0.37231231,   0.94848990
   1083912,   0.08585751,   0.37231231,   0.94222343
   1083914,   0.08585751,   0.37231231,   0.94848990
   1083916,   0.08585751,   0.37231231,   0.94848990
   1083919,   0.08585751,   0.36602545,   0.94848990
   1083921,   0.09220088,   0.37231231,   0.94848990
   1083923,   0.09854424,   0.37231231,   0.95475626
   1083926,   0.09220088,   0.37231231,   0.95475626
   1083928,   0.08585751,   0.36602545,   0.95475626
   1083930,   0.08585751,   0.36602545,   0.94848990
   1083932,   0.08585751,   0.35973847,   0.95475626
   1083935,   0.09220088,   0.35973847,   0.95475626
   1083937,   0.08585751,   0.36602545,   0.96102273
   1083939,   0.09854424,   0.37231231,   0.96102273
   1083942,   0.09220088,   0.36602545,   0.96102273
   1083944,   0.09220088,   0.36602545,   0.95475626
   1083947,   0.09220088,   0.35973847,   0.94848990
   1083950,   0.09220088,   0.35973847,   0.94848990
   1083952,   0.09220088,   0.36602545,   0.94848990
   1083954,   0.08585751,   0.36602545,   0.96102273
   1083957,   0.09220088,   0.36602545,   0.95475626
   1083959,   0.09220088,   0.35973847,   0.95475626
   1083961,   0.09220088,   0.35973847,   0.94848990
   1083964,   0.08585751,   0.35973847,   0.94222343
   1083966,   0.09220088,   0.35345149,   0.94848990
   1083968,   0.09220088,   0.35973847,   0.94848990
   1083971,   0.08585751,   0.35345149,   0.94848990
   1083973,   0.09220088,   0.35345149,   0.95475626
   1083975,   0.08585751,   0.35973847,   0.94848990
   1083978,   0.08585751,   0.35973847,   0.94222343
   1083980,   0.08585751,   0.35345149,   0.94222343
   1083982,   0.07951415,   0.34716463,   0.94222343
   1083984,   0.07951415,   0.34716463,   0.94222343
   1083987,   0.07951415,   0.35345149,   0.94222343
   1083990,   0.08585751,   0.35345149,   0.94848990
   1083992,   0.07951415,   0.35345149,   0.95475626
   1083995,   0.07951415,   0.34716463,   0.94848990
   1083997,   0.07951415,   0.34716463,   0.94222343
   1083999,   0.07317078,   0.34087765,   0.94848990
   1084002,   0.07951415,   0.34716463,   0.94848990
   1084004,   0.07317078,   0.34716463,   0.94848990
   1084006,   0.08585751,   0.35345149,   0.96102273
   1084009,   0.07951415,   0.35345149,   0.95475626
   1084011,   0.07951415,   0.35345149,   0.95475626
   1084013,   0.07951415,   0.35345149,   0.95475626
   1084016,   0.07317078,   0.34716463,   0.95475626
   1084018,   0.07317078,   0.35345149,   0.95475626
   1084020,   0.07317078,   0.35345149,   0.94848990
   1084022,   0.09220088,   0.36602545,   0.95475626
   1084025,   0.07317078,   0.35973847,   0.95475626
   1084027,   0.07317078,   0.35973847,   0.95475626
   1084029,   0.07951415,   0.35973847,   0.94848990
   1084033,   0.08585751,   0.35345149,   0.94848990
   1084035,   0.07951415,   0.35345149,   0.94848990
   1084037,   0.07951415,   0.35973847,   0.95475626
   1084040,   0.08585751,   0.37231231,   0.96102273
   1084042,   0.07951415,   0.35973847,   0.96102273
   1084044,   0.07317078,   0.35973847,   0.96102273
   1084047,   0.07951415,   0.36602545,   0.96102273
   1084049,   0.07317078,   0.35973847,   0.95475626
   1084051,   0.07317078,   0.36602545,   0.95475626
   1084054,   0.06682742,   0.36602545,   0.95475626
   1084056,   0.06682742,   0.37859929,   0.96728921
   1084058,   0.06682742,   0.36602545,   0.95475626
   1084060,   0.06682742,   0.36602545,   0.94848990
   1084063,   0.06682742,   0.36602545,   0.95475626
   1084065,   0.06682742,   0.36602545,   0.94848990
   1084067,   0.06682742,   0.36602545,   0.94848990
   1084070,   0.06682742,   0.36602545,   0.95475626
   1084072,   0.05414069,   0.36602545,   0.96102273
   1084075,   0.06682742,   0.35973847,   0.95475626
   1084078,   0.06682742,   0.36602545,   0.95475626
   1084080,   0.06682742,   0.36602545,   0.95475626
   1084082,   0.06048405,   0.35973847,   0.95475626
   1084085,   0.06048405,   0.35973847,   0.96102273
   1084087,   0.06048405,   0.35973847,   0.96102273
   1084089,   0.04779732,   0.35345149,   0.97355568
   1084092,   0.06048405,   0.35973847,   0.96728921
   1084094,   0.06048405,   0.36602545,   0.96102273
   1084096,   0.06048405,   0.36602545,   0.96728921
   1084098,   0.06048405,   0.36602545,   0.96102273
   1084101,   0.06048405,   0.35973847,   0.96102273
   1084103,   0.06048405,   0.36602545,   0.96102273
   1084105,   0.04145396,   0.35345149,   0.96728921
   1084108,   0.06682742,   0.36602545,   0.96728921
   1084110,   0.06682742,   0.36602545,   0.96728921
   1084112,   0.06682742,   0.37231231,   0.97355568
   1084115,   0.06682742,   0.36602545,   0.96102273
   1084118,   0.06048405,   0.37231231,   0.96728921
   1084120,   0.06048405,   0.37231231,   0.96728921
   1084123,   0.04779732,   0.35345149,   0.94222343
   1084125,   0.06048405,   0.37231231,   0.96728921
   1084127,   0.06048405,   0.37231231,   0.96728921
   1084130,   0.06048405,   0.37231231,   0.97355568
   1084132,   0.06048405,   0.36602545,   0.96728921
   1084134,   0.06048405,   0.36602545,   0.96102273
   1084136,   0.06048405,   0.36602545,   0.96102273
   1084139,   0.04779732,   0.34716463,   0.94222343
   1084141,   0.06048405,   0.37859929,   0.96102273
   1084143,   0.06048405,   0.37231231,   0.96102273
   1084146,   0.06048405,   0.37231231,   0.96102273
   1084148,   0.05414069,   0.36602545,   0.95475626
   1084150,   0.06048405,   0.36602545,   0.94848990
   1084153,   0.06682742,   0.37231231,   0.94848990
   1084155,   0.04145396,   0.34716463,   0.92342401
   1084157,   0.06682742,   0.37231231,   0.95475626
   1084161,   0.06682742,   0.37231231,   0.94222343
   1084163,   0.07317078,   0.37231231,   0.94222343
   1084165,   0.06682742,   0.36602545,   0.94222343
   1084168,   0.06682742,   0.36602545,   0.94222343
   1084170,   0.06682742,   0.36602545,   0.94222343
   1084172,   0.05414069,   0.34716463,   0.92342401
   1084175,   0.07317078,   0.37231231,   0.94848990
   1084177,   0.07317078,   0.37231231,   0.94222343
   1084179,   0.07317078,   0.36602545,   0.94222343
   1084181,   0.07317078,   0.35973847,   0.94222343
   1084184,   0.07317078,   0.35973847,   0.94222343
   1084186,   0.06682742,   0.36602545,   0.94222343
   1084188,   0.06682742,   0.34716463,   0.91715765
   1084191,   0.07317078,   0.36602545,   0.94222343
   1084193,   0.07951415,   0.37231231,   0.94222343
   1084195,   0.07951415,   0.37231231,   0.94222343
   1084198,   0.07317078,   0.36602545,   0.93595695
   1084200,   0.07317078,   0.36602545,   0.94222343
   1084203,   0.07951415,   0.37231231,   0.94222343
   1084206,   0.07951415,   0.35973847,   0.92342401
   1084208,   0.07951415,   0.37859929,   0.94222343
   1084210,   0.07951415,   0.37859929,   0.94222343
   1084212,   0.07951415,   0.37859929,   0.94222343
   1084215,   0.07951415,   0.37231231,   0.94222343
   1084217,   0.07951415,   0.37859929,   0.94848990
   1084219,   0.07951415,   0.37859929,   0.94848990
   1084222,   0.07951415,   0.37859929,   0.92969048
   1084224,   0.08585751,   0.37859929,   0.94848990
   1084226,   0.07951415,   0.37859929,   0.94848990
   1084229,   0.07317078,   0.37859929,   0.94848990
   1084231,   0.06682742,   0.37859929,   0.94222343
   1084233,   0.07317078,   0.38488626,   0.94222343
   1084236,   0.07951415,   0.38488626,   0.94222343
   1084238,   0.07951415,   0.39117312,   0.94222343
   1084240,   0.07317078,   0.38488626,   0.94848990
   1084243,   0.07317078,   0.38488626,   0.94848990
   1084246,   0.06682742,   0.38488626,   0.94848990
   1084248,   0.07317078,   0.37859929,   0.94222343
   1084250,   0.07317078,   0.37859929,   0.93595695
   1084253,   0.07317078,   0.38488626,   0.94222343
   1084255,   0.07317078,   0.39117312,   0.94848990
   1084257,   0.07317078,   0.38488626,   0.94848990
   1084260,   0.06682742,   0.39117312,   0.94848990
   1084262,   0.06682742,   0.38488626,   0.94848990
   1084264,   0.06048405,   0.37859929,   0.94222343
   1084267,   0.06682742,   0.38488626,   0.94222343
   1084269,   0.07317078,   0.38488626,   0.94222343
   1084271,   0.07951415,   0.39117312,   0.94848990
   1084274,   0.07317078,   0.39117312,   0.94848990
   1084276,   0.07317078,   0.38488626,   0.94848990
   1084278,   0.06682742,   0.38488626,   0.94848990
   1084281,   0.06682742,   0.38488626,   0.94222343
   1084283,   0.06682742,   0.39117312,   0.94222343
   1084285,   0.06048405,   0.39746010,   0.94848990
   1084289,   0.07317078,   0.40374708,   0.96102273
   1084291,   0.06682742,   0.39746010,   0.95475626
   1084293,   0.06682742,   0.39117312,   0.94848990
   1084295,   0.06682742,   0.39117312,   0.94848990
   1084298,   0.06682742,   0.39746010,   0.94222343
   1084300,   0.06682742,   0.39746010,   0.94222343
   1084302,   0.06682742,   0.39117312,   0.94848990
   1084305,   0.07317078,   0.40374708,   0.95475626
   1084307,   0.06682742,   0.40374708,   0.94848990
   1084309,   0.06682742,   0.39746010,   0.94222343
   1084312,   0.06682742,   0.39746010,   0.93595695
   1084314,   0.06048405,   0.39746010,   0.93595695
   1084316,   0.06048405,   0.39746010,   0.94222343
   1084319,   0.06048405,   0.39746010,   0.94222343
   1084321,   0.06682742,   0.40374708,   0.94848990
   1084323,   0.06682742,   0.40374708,   0.94222343
   1084326,   0.06682742,   0.40374708,   0.93595695
   1084328,   0.06682742,   0.40374708,   0.92969048
   1084331,   0.06048405,   0.40374708,   0.92969048
   1084333,   0.06048405,   0.40374708,   0.92969048
   1084336,   0.06048405,   0.40374708,   0.92342401
   1084338,   0.06048405,   0.41003394,   0.93595695
   1084340,   0.06682742,   0.41632092,   0.92969048
   1084343,   0.06048405,   0.41003394,   0.92969048
   1084345,   0.06048405,   0.40374708,   0.92342401
   1084347,   0.05414069,   0.41003394,   0.92342401
   1084350,   0.05414069,   0.41003394,   0.92342401
   1084352,   0.06048405,   0.41003394,   0.92969048
   1084354,   0.06048405,   0.41632092,   0.92969048
   1084357,   0.06682742,   0.41632092,   0.92969048
   1084359,   0.06048405,   0.41632092,   0.92342401
   1084361,   0.06048405,   0.41003394,   0.92342401
   1084364,   0.06048405,   0.40374708,   0.92969048
   1084366,   0.06048405,   0.39746010,   0.92342401
   1084368,   0.06048405,   0.40374708,   0.92342401
   1084371,   0.06048405,   0.40374708,   0.93595695
   1084374,   0.06048405,   0.40374708,   0.93595695
   1084376,   0.06048405,   0.39746010,   0.93595695
   1084378,   0.06048405,   0.39746010,   0.92969048
   1084381,   0.05414069,   0.39746010,   0.92969048
   1084383,   0.05414069,   0.39746010,   0.93595695
   1084385,   0.05414069,   0.40374708,   0.93595695
   1084388,   0.06048405,   0.40374708,   0.93595695
   1084390,   0.06048405,   0.40374708,   0.94222343
   1084392,   0.06048405,   0.39746010,   0.94222343
   1084395,   0.06048405,   0.39746010,   0.94222343
   1084397,   0.05414069,   0.39117312,   0.94222343
   1084399,   0.05414069,   0.39746010,   0.93595695
   1084402,   0.05414069,   0.39746010,   0.94222343
   1084404,   0.05414069,   0.39746010,   0.94848990
   1084406,   0.05414069,   0.39746010,   0.94222343
   1084409,   0.05414069,   0.39746010,   0.94222343
   1084411,   0.06048405,   0.39117312,   0.94222343
   1084413,   0.05414069,   0.38488626,   0.94222343
   1084416,   0.05414069,   0.38488626,   0.94222343
   1084419,   0.05414069,   0.39117312,   0.94848990
   1084421,   0.06048405,   0.39117312,   0.94848990
   1084423,   0.06048405,   0.39746010,   0.94848990
   1084426,   0.05414069,   0.39117312,   0.94848990
   1084428,   0.05414069,   0.38488626,   0.94848990
   1084430,   0.06048405,   0.39117312,   0.94222343
   1084433,   0.04779732,   0.38488626,   0.94222343
   1084435,   0.05414069,   0.38488626,   0.94848990
   1084437,   0.04779732,   0.38488626,   0.94848990
   1084440,   0.05414069,   0.38488626,   0.95475626
   1084442,   0.05414069,   0.38488626,   0.95475626
   1084444,   0.05414069,   0.39117312,   0.94848990
   1084447,   0.05414069,   0.38488626,   0.94222343
   1084449,   0.05414069,   0.38488626,   0.94848990
   1084451,   0.05414069,   0.37859929,   0.94222343
   1084453,   0.05414069,   0.38488626,   0.94848990
   1084456,   0.06682742,   0.38488626,   0.94848990
   1084459,   0.05414069,   0.38488626,   0.94848990
   1084461,   0.05414069,   0.38488626,   0.94848990
   1084464,   0.05414069,   0.37859929,   0.94222343
   1084466,   0.05414069,   0.37859929,   0.94222343
   1084468,   0.06048405,   0.38488626,   0.94222343
   1084471,   0.06048405,   0.37859929,   0.94222343
   1084473,   0.06682742,   0.38488626,   0.94222343
   1084475,   0.06048405,   0.39117312,   0.94222343
   1084478,   0.06048405,   0.38488626,   0.94848990
   1084480,   0.06682742,   0.38488626,   0.94848990
   1084482,   0.06048405,   0.37859929,   0.94848990
   1084485,   0.06682742,   0.38488626,   0.94222343
   1084487,   0.06048405,   0.37859929,   0.94222343
   1084489,   0.07951415,   0.39117312,   0.94848990
   1084491,   0.06682742,   0.38488626,   0.94222343
   1084494,   0.06048405,   0.38488626,   0.93595695
   1084496,   0.06048405,   0.37859929,   0.94222343
   1084498,   0.06048405,   0.37859929,   0.94222343
   1084502,   0.06048405,   0.37859929,   0.94222343
   1084504,   0.06682742,   0.38488626,   0.94222343
   1084506,   0.07317078,   0.40374708,   0.95475626
   1084509,   0.06682742,   0.39117312,   0.94222343
   1084511,   0.06682742,   0.39117312,   0.93595695
   1084513,   0.06682742,   0.39746010,   0.93595695
   1084516,   0.06048405,   0.38488626,   0.92969048
   1084518,   0.06048405,   0.39117312,   0.92969048
   1084520,   0.06682742,   0.39117312,   0.93595695
   1084523,   0.06048405,   0.40374708,   0.94848990
   1084525,   0.06682742,   0.39117312,   0.94222343
   1084527,   0.06048405,   0.39117312,   0.94222343
   1084530,   0.06682742,   0.39117312,   0.94222343
   1084532,   0.06048405,   0.39117312,   0.92969048
   1084534,   0.06048405,   0.39117312,   0.93595695
   1084536,   0.06682742,   0.39117312,   0.92969048
   1084539,   0.05414069,   0.40374708,   0.95475626
   1084541,   0.06682742,   0.39117312,   0.93595695
   1084544,   0.06682742,   0.39117312,   0.94222343
   1084547,   0.06682742,   0.39746010,   0.94222343
   1084549,   0.06048405,   0.38488626,   0.94222343
   1084551,   0.06048405,   0.39117312,   0.94222343
   1084554,   0.06048405,   0.39746010,   0.94222343
   1084556,   0.05414069,   0.39117312,   0.95475626
   1084558,   0.06048405,   0.39117312,   0.94848990
   1084561,   0.06048405,   0.39117312,   0.94222343
   1084563,   0.06048405,   0.38488626,   0.94848990
   1084565,   0.06048405,   0.37859929,   0.94848990
   1084568,   0.06048405,   0.38488626,   0.94848990
   1084570,   0.06048405,   0.38488626,   0.95475626
   1084572,   0.04779732,   0.37231231,   0.95475626
   1084574,   0.06048405,   0.39117312,   0.95475626
   1084577,   0.06048405,   0.38488626,   0.95475626
   1084579,   0.06048405,   0.38488626,   0.94848990
   1084581,   0.06048405,   0.38488626,   0.94848990
   1084584,   0.06048405,   0.38488626,   0.94848990
   1084587,   0.06048405,   0.38488626,   0.94848990
   1084589,   0.04145396,   0.36602545,   0.93595695
   1084592,   0.06048405,   0.38488626,   0.95475626
   1084594,   0.05414069,   0.38488626,   0.94848990
   1084596,   0.05414069,   0.38488626,   0.94848990
   1084599,   0.05414069,   0.37859929,   0.94222343
   1084601,   0.05414069,   0.38488626,   0.94222343
   1084603,   0.06048405,   0.38488626,   0.94848990
   1084606,   0.04145396,   0.36602545,   0.92342401
   1084608,   0.06682742,   0.39117312,   0.94848990
   1084610,   0.06682742,   0.39117312,   0.94848990
   1084612,   0.06048405,   0.39117312,   0.94848990
   1084615,   0.05414069,   0.38488626,   0.94222343
   1084617,   0.06048405,   0.38488626,   0.94222343
   1084619,   0.06048405,   0.39117312,   0.94222343
   1084622,   0.04145396,   0.36602545,   0.91715765
   1084624,   0.05414069,   0.39117312,   0.94222343
   1084626,   0.06048405,   0.39117312,   0.94222343
   1084630,   0.05414069,   0.38488626,   0.94222343
   1084632,   0.05414069,   0.38488626,   0.94222343
   1084634,   0.05414069,   0.38488626,   0.94222343
   1084637,   0.06682742,   0.38488626,   0.94848990
   1084639,   0.04779732,   0.36602545,   0.92342401
   1084641,   0.06048405,   0.39117312,   0.94848990
   1084644,   0.06048405,   0.38488626,   0.94848990
   1084646,   0.06048405,   0.38488626,   0.94222343
   1084648,   0.05414069,   0.37859929,   0.94222343
   1084650,   0.06048405,   0.37859929,   0.94222343
   1084653,   0.06048405,   0.37859929,   0.94848990
   1084655,   0.04779732,   0.35973847,   0.92342401
   1084657,   0.06048405,   0.38488626,   0.94848990


Arduino now in Stasis
Ready to run wrapper program

